software_unit_id,source_path,architecture_id,requirement_ids,function_count,high_risk_function_count,verification_measure_ids,dynamic_test_references,selection_rationale,verification_status,waiver_id
UNIT-13CCE7FD07,app.py,ARC-APP,SWR-CORE-002;SWR-UI-001;SWR-CFG-001,1,0,VM-STATIC;VM-UNIT;VM-MANUAL-UI,tests/unit/test_run_archive.py,direct unit/component evidence,selected,
UNIT-B2A1584DAD,run_app.py,ARC-APP,SWR-CORE-002;SWR-UI-001;SWR-CFG-001,13,0,VM-STATIC;VM-UNIT;VM-MANUAL-UI,tests/unit/test_chart_projections.py,direct unit/component evidence,selected,
UNIT-670F7F7454,scripts/chart_compare_test.py,ARC-TOOLS,SWR-NFR-003;SWR-NFR-004,0,0,VM-STATIC,,static analysis selected for low/medium-risk unit,selected,
UNIT-DE82D6E44B,scripts/check_aspice_assets.py,ARC-TOOLS,SWR-NFR-003;SWR-NFR-004,20,0,VM-STATIC;VM-UNIT,tests/regression/test_aspice_assets.py;tests/unit/test_chart_projections.py;tests/unit/test_golden_report_benchmark.py;tests/unit/test_report_reliability.py,direct unit/component evidence,selected,
UNIT-D4B396B36E,scripts/check_mt5_connection.py,ARC-TOOLS,SWR-NFR-003;SWR-NFR-004,1,0,VM-STATIC;VM-UNIT,tests/unit/test_chart_projections.py,direct unit/component evidence,selected,
UNIT-9572F90802,scripts/close_fixed_issues.py,ARC-TOOLS,SWR-NFR-003;SWR-NFR-004,0,0,VM-STATIC,,static analysis selected for low/medium-risk unit,selected,
UNIT-B4A1ACCFA2,scripts/compare_pa_5m_tv.py,ARC-TOOLS,SWR-NFR-003;SWR-NFR-004,1,1,VM-STATIC;VM-UNIT,tests/unit/test_chart_projections.py,direct unit/component evidence,selected,
UNIT-8E5050CAE9,scripts/compare_pa_tv.py,ARC-TOOLS,SWR-NFR-003;SWR-NFR-004,2,1,VM-STATIC;VM-UNIT,tests/unit/test_chart_projections.py,direct unit/component evidence,selected,
UNIT-EEFB367071,scripts/create_system_test_issues.py,ARC-TOOLS,SWR-NFR-003;SWR-NFR-004,0,0,VM-STATIC,,static analysis selected for low/medium-risk unit,selected,
UNIT-3FA67AE3BF,scripts/estimate_llm_tokens.py,ARC-TOOLS,SWR-NFR-003;SWR-NFR-004,3,0,VM-STATIC;VM-UNIT,tests/unit/test_chart_projections.py,direct unit/component evidence,selected,
UNIT-2781538FF5,scripts/export_sample_report.py,ARC-TOOLS,SWR-NFR-003;SWR-NFR-004,3,0,VM-STATIC;VM-UNIT,tests/unit/test_analyst_team.py;tests/unit/test_analyst_team_llm.py;tests/unit/test_chart_projections.py;tests/unit/test_debate_parallel.py;tests/unit/test_llm_payload_funnel.py;tests/unit/test_narrative_facts.py;tests/unit/test_research_parallel.py;tests/unit/test_signal_dedup.py,direct unit/component evidence,selected,
UNIT-44DA65110B,scripts/generate_aspice_readable_docs.py,ARC-TOOLS,SWR-NFR-003;SWR-NFR-004,23,0,VM-STATIC;VM-UNIT,tests/regression/test_aspice_assets.py;tests/unit/test_chart_projections.py,direct unit/component evidence,selected,
UNIT-70EE096332,scripts/generate_aspice_software_evidence.py,ARC-TOOLS,SWR-NFR-003;SWR-NFR-004,23,0,VM-STATIC;VM-UNIT,tests/regression/test_aspice_assets.py;tests/unit/test_chart_projections.py,direct unit/component evidence,selected,
UNIT-37E036C51B,scripts/inspect_archive.py,ARC-TOOLS,SWR-NFR-003;SWR-NFR-004,6,0,VM-STATIC;VM-UNIT,tests/unit/test_chart_projections.py,direct unit/component evidence,selected,
UNIT-EBDE8E6443,scripts/regression_test.py,ARC-TOOLS,SWR-NFR-003;SWR-NFR-004,0,0,VM-STATIC,,static analysis selected for low/medium-risk unit,selected,
UNIT-3960E281AB,scripts/replay_llm_narrative.py,ARC-TOOLS,SWR-NFR-003;SWR-NFR-004,4,0,VM-STATIC;VM-UNIT,tests/unit/test_chart_projections.py;tests/unit/test_replay_llm_narrative.py,direct unit/component evidence,selected,
UNIT-D538889607,scripts/run_pipeline_test.py,ARC-TOOLS,SWR-NFR-003;SWR-NFR-004,0,0,VM-STATIC,,static analysis selected for low/medium-risk unit,selected,
UNIT-8F71F01664,scripts/show_utf8.py,ARC-TOOLS,SWR-NFR-003;SWR-NFR-004,2,0,VM-STATIC;VM-UNIT,tests/unit/test_chart_projections.py,direct unit/component evidence,selected,
UNIT-C913C2495C,scripts/test_live_fetch.py,ARC-TOOLS,SWR-NFR-003;SWR-NFR-004,2,1,VM-STATIC;VM-UNIT,tests/unit/test_chart_projections.py,direct unit/component evidence,selected,
UNIT-76C5F6645C,scripts/test_llm_json_fix.py,ARC-TOOLS,SWR-NFR-003;SWR-NFR-004,0,0,VM-STATIC,,static analysis selected for low/medium-risk unit,selected,
UNIT-B141E8A708,src/__init__.py,ARC-CORE,SWR-CORE-001;SWR-CORE-002;SWR-LLM-001;SWR-REP-001;SWR-REP-003;SWR-CFG-001;SWR-NFR-001;SWR-NFR-002,0,0,VM-STATIC;VM-REGRESSION;VM-INTEGRATION-PIPELINE,,static analysis selected for low/medium-risk unit,selected,
UNIT-818FCEC908,src/agents/__init__.py,ARC-AGENTS,SWR-CORE-001;SWR-ANA-002;SWR-ANA-003;SWR-AGT-001;SWR-LLM-001;SWR-LLM-002;SWR-LLM-003,0,0,VM-STATIC;VM-REGRESSION;VM-INTEGRATION-PIPELINE,,static analysis selected for low/medium-risk unit,selected,
UNIT-B6C46EF660,src/agents/analysts/__init__.py,ARC-AGENTS,SWR-CORE-001;SWR-ANA-002;SWR-ANA-003;SWR-AGT-001;SWR-LLM-001;SWR-LLM-002;SWR-LLM-003,1,0,VM-STATIC;VM-UNIT;VM-REGRESSION;VM-INTEGRATION-PIPELINE,tests/unit/test_analyst_team.py;tests/unit/test_analyst_team_llm.py;tests/unit/test_debate_parallel.py;tests/unit/test_llm_payload_funnel.py;tests/unit/test_research_parallel.py,direct unit/component evidence,selected,
UNIT-8110CB5DA5,src/agents/analysts/base.py,ARC-AGENTS,SWR-CORE-001;SWR-ANA-002;SWR-ANA-003;SWR-AGT-001;SWR-LLM-001;SWR-LLM-002;SWR-LLM-003,3,0,VM-STATIC;VM-UNIT;VM-REGRESSION;VM-INTEGRATION-PIPELINE,tests/unit/test_analyst_team.py;tests/unit/test_evidence_provenance.py;tests/unit/test_financial_review.py;tests/unit/test_signal_dedup.py,direct unit/component evidence,selected,
UNIT-87B2F0BBA3,src/agents/analysts/evidence_ids.py,ARC-AGENTS,SWR-CORE-001;SWR-ANA-002;SWR-ANA-003;SWR-AGT-001;SWR-LLM-001;SWR-LLM-002;SWR-LLM-003,1,0,VM-STATIC;VM-REGRESSION;VM-INTEGRATION-PIPELINE,,static analysis selected for low/medium-risk unit,selected,
UNIT-5E6C877F3B,src/agents/analysts/evidence_provenance.py,ARC-AGENTS,SWR-CORE-001;SWR-ANA-002;SWR-ANA-003;SWR-AGT-001;SWR-LLM-001;SWR-LLM-002;SWR-LLM-003,11,0,VM-STATIC;VM-UNIT;VM-REGRESSION;VM-INTEGRATION-PIPELINE,tests/unit/test_evidence_provenance.py,direct unit/component evidence,selected,
UNIT-52003276AA,src/agents/analysts/fundamentals.py,ARC-AGENTS,SWR-CORE-001;SWR-ANA-002;SWR-ANA-003;SWR-AGT-001;SWR-LLM-001;SWR-LLM-002;SWR-LLM-003,3,0,VM-STATIC;VM-UNIT;VM-REGRESSION;VM-INTEGRATION-PIPELINE,tests/unit/test_analyst_input_density.py,direct unit/component evidence,selected,
UNIT-3628B84DDF,src/agents/analysts/news.py,ARC-AGENTS,SWR-CORE-001;SWR-ANA-002;SWR-ANA-003;SWR-AGT-001;SWR-LLM-001;SWR-LLM-002;SWR-LLM-003,2,0,VM-STATIC;VM-UNIT;VM-REGRESSION;VM-INTEGRATION-PIPELINE,tests/unit/test_analyst_input_density.py,direct unit/component evidence,selected,
UNIT-B6597D0C34,src/agents/analysts/news_bias.py,ARC-AGENTS,SWR-CORE-001;SWR-ANA-002;SWR-ANA-003;SWR-AGT-001;SWR-LLM-001;SWR-LLM-002;SWR-LLM-003,1,0,VM-STATIC;VM-REGRESSION;VM-INTEGRATION-PIPELINE,,static analysis selected for low/medium-risk unit,selected,
UNIT-8F2897B88A,src/agents/analysts/sentiment.py,ARC-AGENTS,SWR-CORE-001;SWR-ANA-002;SWR-ANA-003;SWR-AGT-001;SWR-LLM-001;SWR-LLM-002;SWR-LLM-003,4,0,VM-STATIC;VM-UNIT;VM-REGRESSION;VM-INTEGRATION-PIPELINE,tests/unit/test_analyst_input_density.py,direct unit/component evidence,selected,
UNIT-3363AD337F,src/agents/analysts/structure_zones.py,ARC-AGENTS,SWR-CORE-001;SWR-ANA-002;SWR-ANA-003;SWR-AGT-001;SWR-LLM-001;SWR-LLM-002;SWR-LLM-003,1,0,VM-STATIC;VM-REGRESSION;VM-INTEGRATION-PIPELINE,,static analysis selected for low/medium-risk unit,selected,
UNIT-8D8FC5EAA1,src/agents/analysts/technical.py,ARC-AGENTS,SWR-CORE-001;SWR-ANA-002;SWR-ANA-003;SWR-AGT-001;SWR-LLM-001;SWR-LLM-002;SWR-LLM-003,9,1,VM-STATIC;VM-UNIT;VM-REGRESSION;VM-INTEGRATION-PIPELINE,tests/unit/test_analyst_input_density.py,direct unit/component evidence,selected,
UNIT-8933374B3E,src/agents/bearish.py,ARC-AGENTS,SWR-CORE-001;SWR-ANA-002;SWR-ANA-003;SWR-AGT-001;SWR-LLM-001;SWR-LLM-002;SWR-LLM-003,2,0,VM-STATIC;VM-UNIT;VM-REGRESSION;VM-INTEGRATION-PIPELINE,tests/unit/test_analyst_team.py;tests/unit/test_llm_payload_funnel.py,direct unit/component evidence,selected,
UNIT-6008A95748,src/agents/bullish.py,ARC-AGENTS,SWR-CORE-001;SWR-ANA-002;SWR-ANA-003;SWR-AGT-001;SWR-LLM-001;SWR-LLM-002;SWR-LLM-003,2,0,VM-STATIC;VM-UNIT;VM-REGRESSION;VM-INTEGRATION-PIPELINE,tests/unit/test_analyst_team.py;tests/unit/test_llm_payload_funnel.py,direct unit/component evidence,selected,
UNIT-34BF03F815,src/agents/debate.py,ARC-AGENTS,SWR-CORE-001;SWR-ANA-002;SWR-ANA-003;SWR-AGT-001;SWR-LLM-001;SWR-LLM-002;SWR-LLM-003,1,0,VM-STATIC;VM-UNIT;VM-REGRESSION;VM-INTEGRATION-PIPELINE,tests/unit/test_analyst_team.py;tests/unit/test_debate_coherence.py;tests/unit/test_debate_parallel.py;tests/unit/test_llm_payload_funnel.py,direct unit/component evidence,selected,
UNIT-F23DB48D75,src/agents/factory.py,ARC-AGENTS,SWR-CORE-001;SWR-ANA-002;SWR-ANA-003;SWR-AGT-001;SWR-LLM-001;SWR-LLM-002;SWR-LLM-003,20,1,VM-STATIC;VM-UNIT;VM-REGRESSION;VM-INTEGRATION-PIPELINE,tests/unit/test_agent_chain.py;tests/unit/test_analyst_team.py;tests/unit/test_analyst_team_llm.py;tests/unit/test_debate_coherence.py;tests/unit/test_debate_parallel.py;tests/unit/test_llm_payload_funnel.py;tests/unit/test_llm_trade_stages.py;tests/unit/test_manager_authorization.py;tests/unit/test_research_parallel.py;tests/unit/test_rule_chain_stability.py,direct unit/component evidence,selected,
UNIT-1606BDC6E2,src/agents/llm/__init__.py,ARC-AGENTS,SWR-CORE-001;SWR-ANA-002;SWR-ANA-003;SWR-AGT-001;SWR-LLM-001;SWR-LLM-002;SWR-LLM-003,0,0,VM-STATIC;VM-REGRESSION;VM-INTEGRATION-PIPELINE,,static analysis selected for low/medium-risk unit,selected,
UNIT-3EEB009803,src/agents/llm/base.py,ARC-AGENTS,SWR-CORE-001;SWR-ANA-002;SWR-ANA-003;SWR-AGT-001;SWR-LLM-001;SWR-LLM-002;SWR-LLM-003,5,1,VM-STATIC;VM-UNIT;VM-REGRESSION;VM-INTEGRATION-PIPELINE,tests/regression/test_fixes.py;tests/unit/test_llm_json.py;tests/unit/test_llm_stage_policy.py;tests/unit/test_llm_transport.py,direct unit/component evidence,selected,
UNIT-3A49BDA3A6,src/agents/llm/payload.py,ARC-AGENTS,SWR-CORE-001;SWR-ANA-002;SWR-ANA-003;SWR-AGT-001;SWR-LLM-001;SWR-LLM-002;SWR-LLM-003,25,3,VM-STATIC;VM-UNIT;VM-REGRESSION;VM-INTEGRATION-PIPELINE,tests/unit/test_analyst_input_density.py;tests/unit/test_llm_payload_funnel.py;tests/unit/test_narrative_authorization.py,direct unit/component evidence,selected,
UNIT-9B539EDEB6,src/agents/llm/schemas.py,ARC-AGENTS,SWR-CORE-001;SWR-ANA-002;SWR-ANA-003;SWR-AGT-001;SWR-LLM-001;SWR-LLM-002;SWR-LLM-003,18,0,VM-STATIC;VM-UNIT;VM-REGRESSION;VM-INTEGRATION-PIPELINE,tests/unit/test_analyst_input_density.py;tests/unit/test_analyst_team_llm.py;tests/unit/test_evidence_provenance.py;tests/unit/test_llm_levels.py;tests/unit/test_llm_trade_stages.py,direct unit/component evidence,selected,
UNIT-7226A2379A,src/agents/llm/stages/__init__.py,ARC-AGENTS,SWR-CORE-001;SWR-ANA-002;SWR-ANA-003;SWR-AGT-001;SWR-LLM-001;SWR-LLM-002;SWR-LLM-003,0,0,VM-STATIC;VM-REGRESSION;VM-INTEGRATION-PIPELINE,,static analysis selected for low/medium-risk unit,selected,
UNIT-1DF6497CE4,src/agents/llm/stages/analysts/__init__.py,ARC-AGENTS,SWR-CORE-001;SWR-ANA-002;SWR-ANA-003;SWR-AGT-001;SWR-LLM-001;SWR-LLM-002;SWR-LLM-003,0,0,VM-STATIC;VM-REGRESSION;VM-INTEGRATION-PIPELINE,,static analysis selected for low/medium-risk unit,selected,
UNIT-73B0811649,src/agents/llm/stages/analysts/_common.py,ARC-AGENTS,SWR-CORE-001;SWR-ANA-002;SWR-ANA-003;SWR-AGT-001;SWR-LLM-001;SWR-LLM-002;SWR-LLM-003,1,0,VM-STATIC;VM-REGRESSION;VM-INTEGRATION-PIPELINE,,static analysis selected for low/medium-risk unit,selected,
UNIT-FCD3D48FDE,src/agents/llm/stages/analysts/fundamentals.py,ARC-AGENTS,SWR-CORE-001;SWR-ANA-002;SWR-ANA-003;SWR-AGT-001;SWR-LLM-001;SWR-LLM-002;SWR-LLM-003,1,0,VM-STATIC;VM-UNIT;VM-REGRESSION;VM-INTEGRATION-PIPELINE,tests/unit/test_analyst_team_llm.py,direct unit/component evidence,selected,
UNIT-25115C1D6F,src/agents/llm/stages/analysts/news.py,ARC-AGENTS,SWR-CORE-001;SWR-ANA-002;SWR-ANA-003;SWR-AGT-001;SWR-LLM-001;SWR-LLM-002;SWR-LLM-003,1,0,VM-STATIC;VM-UNIT;VM-REGRESSION;VM-INTEGRATION-PIPELINE,tests/unit/test_analyst_team_llm.py,direct unit/component evidence,selected,
UNIT-2BF1B61E7E,src/agents/llm/stages/analysts/sentiment.py,ARC-AGENTS,SWR-CORE-001;SWR-ANA-002;SWR-ANA-003;SWR-AGT-001;SWR-LLM-001;SWR-LLM-002;SWR-LLM-003,1,0,VM-STATIC;VM-UNIT;VM-REGRESSION;VM-INTEGRATION-PIPELINE,tests/unit/test_analyst_team_llm.py,direct unit/component evidence,selected,
UNIT-A3445B9493,src/agents/llm/stages/analysts/technical.py,ARC-AGENTS,SWR-CORE-001;SWR-ANA-002;SWR-ANA-003;SWR-AGT-001;SWR-LLM-001;SWR-LLM-002;SWR-LLM-003,1,0,VM-STATIC;VM-UNIT;VM-REGRESSION;VM-INTEGRATION-PIPELINE,tests/unit/test_analyst_team_llm.py,direct unit/component evidence,selected,
UNIT-2CCD7C4DCB,src/agents/llm/stages/bearish.py,ARC-AGENTS,SWR-CORE-001;SWR-ANA-002;SWR-ANA-003;SWR-AGT-001;SWR-LLM-001;SWR-LLM-002;SWR-LLM-003,1,0,VM-STATIC;VM-UNIT;VM-REGRESSION;VM-INTEGRATION-PIPELINE,tests/unit/test_research_parallel.py,direct unit/component evidence,selected,
UNIT-12BF07EB04,src/agents/llm/stages/bullish.py,ARC-AGENTS,SWR-CORE-001;SWR-ANA-002;SWR-ANA-003;SWR-AGT-001;SWR-LLM-001;SWR-LLM-002;SWR-LLM-003,1,0,VM-STATIC;VM-UNIT;VM-REGRESSION;VM-INTEGRATION-PIPELINE,tests/unit/test_research_parallel.py,direct unit/component evidence,selected,
UNIT-3970799E39,src/agents/llm/stages/debate.py,ARC-AGENTS,SWR-CORE-001;SWR-ANA-002;SWR-ANA-003;SWR-AGT-001;SWR-LLM-001;SWR-LLM-002;SWR-LLM-003,1,0,VM-STATIC;VM-UNIT;VM-REGRESSION;VM-INTEGRATION-PIPELINE,tests/unit/test_debate_parallel.py,direct unit/component evidence,selected,
UNIT-4FBC2B73A8,src/agents/llm/stages/levels.py,ARC-AGENTS,SWR-CORE-001;SWR-ANA-002;SWR-ANA-003;SWR-AGT-001;SWR-LLM-001;SWR-LLM-002;SWR-LLM-003,1,0,VM-STATIC;VM-UNIT;VM-REGRESSION;VM-INTEGRATION-PIPELINE,tests/unit/test_llm_trade_stages.py,direct unit/component evidence,selected,
UNIT-5ED826BE60,src/agents/llm/stages/manager.py,ARC-AGENTS,SWR-CORE-001;SWR-ANA-002;SWR-ANA-003;SWR-AGT-001;SWR-LLM-001;SWR-LLM-002;SWR-LLM-003,1,0,VM-STATIC;VM-UNIT;VM-REGRESSION;VM-INTEGRATION-PIPELINE,tests/unit/test_llm_trade_stages.py,direct unit/component evidence,selected,
UNIT-9038F74287,src/agents/llm/stages/risk.py,ARC-AGENTS,SWR-CORE-001;SWR-ANA-002;SWR-ANA-003;SWR-AGT-001;SWR-LLM-001;SWR-LLM-002;SWR-LLM-003,2,0,VM-STATIC;VM-UNIT;VM-REGRESSION;VM-INTEGRATION-PIPELINE,tests/unit/test_llm_trade_stages.py,direct unit/component evidence,selected,
UNIT-A996419C04,src/agents/llm/stages/trader.py,ARC-AGENTS,SWR-CORE-001;SWR-ANA-002;SWR-ANA-003;SWR-AGT-001;SWR-LLM-001;SWR-LLM-002;SWR-LLM-003,2,2,VM-STATIC;VM-UNIT;VM-REGRESSION;VM-INTEGRATION-PIPELINE,tests/unit/test_llm_trade_stages.py,direct unit/component evidence,selected,
UNIT-CC665640C2,src/agents/manager.py,ARC-AGENTS,SWR-CORE-001;SWR-ANA-002;SWR-ANA-003;SWR-AGT-001;SWR-LLM-001;SWR-LLM-002;SWR-LLM-003,3,0,VM-STATIC;VM-UNIT;VM-REGRESSION;VM-INTEGRATION-PIPELINE,tests/unit/test_agent_chain.py;tests/unit/test_llm_trade_stages.py;tests/unit/test_manager_authorization.py;tests/unit/test_rule_chain_stability.py,direct unit/component evidence,selected,
UNIT-C1468C2396,src/agents/risk.py,ARC-AGENTS,SWR-CORE-001;SWR-ANA-002;SWR-ANA-003;SWR-AGT-001;SWR-LLM-001;SWR-LLM-002;SWR-LLM-003,2,0,VM-STATIC;VM-UNIT;VM-REGRESSION;VM-INTEGRATION-PIPELINE,tests/unit/test_agent_chain.py;tests/unit/test_financial_review.py;tests/unit/test_rule_chain_stability.py,direct unit/component evidence,selected,
UNIT-6340C2C541,src/agents/trader.py,ARC-AGENTS,SWR-CORE-001;SWR-ANA-002;SWR-ANA-003;SWR-AGT-001;SWR-LLM-001;SWR-LLM-002;SWR-LLM-003,1,1,VM-STATIC;VM-UNIT;VM-REGRESSION;VM-INTEGRATION-PIPELINE,tests/unit/test_agent_chain.py;tests/unit/test_signal_dedup.py;tests/unit/test_trader_sentiment.py,direct unit/component evidence,selected,
UNIT-CF43FE46E5,src/analysis/__init__.py,ARC-ANALYSIS,SWR-CORE-001;SWR-DATA-002;SWR-DATA-003;SWR-ANA-001;SWR-ANA-002;SWR-ANA-003;SWR-AGT-001;SWR-LLM-003;SWR-REP-001;SWR-REP-002;SWR-REP-003;SWR-REP-004;SWR-BT-001;SWR-UI-002,0,0,VM-STATIC;VM-REGRESSION;VM-INTEGRATION-PIPELINE,,static analysis selected for low/medium-risk unit,selected,
UNIT-9F95D55376,src/analysis/audit_summary.py,ARC-ANALYSIS,SWR-CORE-001;SWR-DATA-002;SWR-DATA-003;SWR-ANA-001;SWR-ANA-002;SWR-ANA-003;SWR-AGT-001;SWR-LLM-003;SWR-REP-001;SWR-REP-002;SWR-REP-003;SWR-REP-004;SWR-BT-001;SWR-UI-002,3,0,VM-STATIC;VM-UNIT;VM-REGRESSION;VM-INTEGRATION-PIPELINE,tests/unit/test_audit_summary.py;tests/unit/test_llm_stage_policy.py,direct unit/component evidence,selected,
UNIT-271BADECBE,src/analysis/chart_sr_filters.py,ARC-ANALYSIS,SWR-CORE-001;SWR-DATA-002;SWR-DATA-003;SWR-ANA-001;SWR-ANA-002;SWR-ANA-003;SWR-AGT-001;SWR-LLM-003;SWR-REP-001;SWR-REP-002;SWR-REP-003;SWR-REP-004;SWR-BT-001;SWR-UI-002,4,0,VM-STATIC;VM-UNIT;VM-REGRESSION;VM-INTEGRATION-PIPELINE,tests/unit/test_dgt_price_action.py,direct unit/component evidence,selected,
UNIT-070AA8511C,src/analysis/chart_zone_filters.py,ARC-ANALYSIS,SWR-CORE-001;SWR-DATA-002;SWR-DATA-003;SWR-ANA-001;SWR-ANA-002;SWR-ANA-003;SWR-AGT-001;SWR-LLM-003;SWR-REP-001;SWR-REP-002;SWR-REP-003;SWR-REP-004;SWR-BT-001;SWR-UI-002,8,1,VM-STATIC;VM-UNIT;VM-REGRESSION;VM-INTEGRATION-PIPELINE,tests/unit/test_chart_projections.py,direct unit/component evidence,selected,
UNIT-67D22A7C31,src/analysis/claim_eligibility.py,ARC-ANALYSIS,SWR-CORE-001;SWR-DATA-002;SWR-DATA-003;SWR-ANA-001;SWR-ANA-002;SWR-ANA-003;SWR-AGT-001;SWR-LLM-003;SWR-REP-001;SWR-REP-002;SWR-REP-003;SWR-REP-004;SWR-BT-001;SWR-UI-002,14,14,VM-STATIC;VM-UNIT;VM-REGRESSION;VM-INTEGRATION-PIPELINE,tests/unit/test_claim_eligibility.py;tests/unit/test_run_config.py,direct unit/component evidence,selected,
UNIT-3549E9D9B7,src/analysis/data_freshness.py,ARC-ANALYSIS,SWR-CORE-001;SWR-DATA-002;SWR-DATA-003;SWR-ANA-001;SWR-ANA-002;SWR-ANA-003;SWR-AGT-001;SWR-LLM-003;SWR-REP-001;SWR-REP-002;SWR-REP-003;SWR-REP-004;SWR-BT-001;SWR-UI-002,2,0,VM-STATIC;VM-UNIT;VM-REGRESSION;VM-INTEGRATION-PIPELINE,tests/unit/test_data_freshness.py,direct unit/component evidence,selected,
UNIT-7DFC57FAF9,src/analysis/dgt_price_action.py,ARC-ANALYSIS,SWR-CORE-001;SWR-DATA-002;SWR-DATA-003;SWR-ANA-001;SWR-ANA-002;SWR-ANA-003;SWR-AGT-001;SWR-LLM-003;SWR-REP-001;SWR-REP-002;SWR-REP-003;SWR-REP-004;SWR-BT-001;SWR-UI-002,10,0,VM-STATIC;VM-UNIT;VM-REGRESSION;VM-INTEGRATION-PIPELINE,tests/unit/test_dgt_price_action.py,direct unit/component evidence,selected,
UNIT-3B1598DC1B,src/analysis/display_labels.py,ARC-ANALYSIS,SWR-CORE-001;SWR-DATA-002;SWR-DATA-003;SWR-ANA-001;SWR-ANA-002;SWR-ANA-003;SWR-AGT-001;SWR-LLM-003;SWR-REP-001;SWR-REP-002;SWR-REP-003;SWR-REP-004;SWR-BT-001;SWR-UI-002,1,0,VM-STATIC;VM-REGRESSION;VM-INTEGRATION-PIPELINE,,static analysis selected for low/medium-risk unit,selected,
UNIT-60E70E7439,src/analysis/fact_registry.py,ARC-ANALYSIS,SWR-CORE-001;SWR-DATA-002;SWR-DATA-003;SWR-ANA-001;SWR-ANA-002;SWR-ANA-003;SWR-AGT-001;SWR-LLM-003;SWR-REP-001;SWR-REP-002;SWR-REP-003;SWR-REP-004;SWR-BT-001;SWR-UI-002,16,0,VM-STATIC;VM-UNIT;VM-REGRESSION;VM-INTEGRATION-PIPELINE,tests/integration/test_offline_report_contract.py;tests/unit/test_calendar_empty.py;tests/unit/test_fact_registry.py;tests/unit/test_golden_report_benchmark.py;tests/unit/test_llm_context_fact_refs.py;tests/unit/test_report_invariants.py;tests/unit/test_report_reliability.py,direct unit/component evidence,selected,
UNIT-C37864F306,src/analysis/field_glossary.py,ARC-ANALYSIS,SWR-CORE-001;SWR-DATA-002;SWR-DATA-003;SWR-ANA-001;SWR-ANA-002;SWR-ANA-003;SWR-AGT-001;SWR-LLM-003;SWR-REP-001;SWR-REP-002;SWR-REP-003;SWR-REP-004;SWR-BT-001;SWR-UI-002,0,0,VM-STATIC;VM-REGRESSION;VM-INTEGRATION-PIPELINE,,static analysis selected for low/medium-risk unit,selected,
UNIT-3962AAAC44,src/analysis/ict_pa.py,ARC-ANALYSIS,SWR-CORE-001;SWR-DATA-002;SWR-DATA-003;SWR-ANA-001;SWR-ANA-002;SWR-ANA-003;SWR-AGT-001;SWR-LLM-003;SWR-REP-001;SWR-REP-002;SWR-REP-003;SWR-REP-004;SWR-BT-001;SWR-UI-002,7,0,VM-STATIC;VM-UNIT;VM-REGRESSION;VM-INTEGRATION-PIPELINE,tests/unit/test_agent_chain.py;tests/unit/test_analyst_input_density.py;tests/unit/test_analyst_team.py;tests/unit/test_analyst_team_llm.py;tests/unit/test_archive_optimizations.py;tests/unit/test_archive_transfer.py;tests/unit/test_chart_projections.py;tests/unit/test_claim_eligibility.py;tests/unit/test_debate_coherence.py;tests/unit/test_debate_parallel.py;tests/unit/test_financial_review.py;tests/unit/test_llm_levels.py;tests/unit/test_llm_payload_funnel.py;tests/unit/test_luxalgo_smc.py;tests/unit/test_narrative_facts.py;tests/unit/test_plan_signals.py;tests/unit/test_report_facts.py;tests/unit/test_research_parallel.py;tests/unit/test_run_archive.py;tests/unit/test_signal_dedup.py;tests/unit/test_technical_context_lux.py;tests/unit/test_tf_snapshot.py;tests/unit/test_trader_sentiment.py,direct unit/component evidence,selected,
UNIT-A9AE5E6696,src/analysis/level_validator.py,ARC-ANALYSIS,SWR-CORE-001;SWR-DATA-002;SWR-DATA-003;SWR-ANA-001;SWR-ANA-002;SWR-ANA-003;SWR-AGT-001;SWR-LLM-003;SWR-REP-001;SWR-REP-002;SWR-REP-003;SWR-REP-004;SWR-BT-001;SWR-UI-002,7,1,VM-STATIC;VM-UNIT;VM-REGRESSION;VM-INTEGRATION-PIPELINE,tests/unit/test_claim_eligibility.py;tests/unit/test_llm_levels.py,direct unit/component evidence,selected,
UNIT-2F7FEDBA6F,src/analysis/luxalgo_smc.py,ARC-ANALYSIS,SWR-CORE-001;SWR-DATA-002;SWR-DATA-003;SWR-ANA-001;SWR-ANA-002;SWR-ANA-003;SWR-AGT-001;SWR-LLM-003;SWR-REP-001;SWR-REP-002;SWR-REP-003;SWR-REP-004;SWR-BT-001;SWR-UI-002,15,2,VM-STATIC;VM-UNIT;VM-REGRESSION;VM-INTEGRATION-PIPELINE,tests/unit/test_luxalgo_smc.py,direct unit/component evidence,selected,
UNIT-4F106AEC16,src/analysis/narrative_combine.py,ARC-ANALYSIS,SWR-CORE-001;SWR-DATA-002;SWR-DATA-003;SWR-ANA-001;SWR-ANA-002;SWR-ANA-003;SWR-AGT-001;SWR-LLM-003;SWR-REP-001;SWR-REP-002;SWR-REP-003;SWR-REP-004;SWR-BT-001;SWR-UI-002,15,0,VM-STATIC;VM-UNIT;VM-REGRESSION;VM-INTEGRATION-PIPELINE,tests/unit/test_narrative_combine.py,direct unit/component evidence,selected,
UNIT-B5B5D80EB7,src/analysis/narrative_facts.py,ARC-ANALYSIS,SWR-CORE-001;SWR-DATA-002;SWR-DATA-003;SWR-ANA-001;SWR-ANA-002;SWR-ANA-003;SWR-AGT-001;SWR-LLM-003;SWR-REP-001;SWR-REP-002;SWR-REP-003;SWR-REP-004;SWR-BT-001;SWR-UI-002,1,0,VM-STATIC;VM-UNIT;VM-REGRESSION;VM-INTEGRATION-PIPELINE,tests/unit/test_archive_optimizations.py;tests/unit/test_narrative_facts.py,direct unit/component evidence,selected,
UNIT-0D14C54B60,src/analysis/narrative_sections.py,ARC-ANALYSIS,SWR-CORE-001;SWR-DATA-002;SWR-DATA-003;SWR-ANA-001;SWR-ANA-002;SWR-ANA-003;SWR-AGT-001;SWR-LLM-003;SWR-REP-001;SWR-REP-002;SWR-REP-003;SWR-REP-004;SWR-BT-001;SWR-UI-002,28,4,VM-STATIC;VM-UNIT;VM-REGRESSION;VM-INTEGRATION-PIPELINE,tests/unit/test_calendar_empty.py;tests/unit/test_narrative_authorization.py;tests/unit/test_narrative_combine.py;tests/unit/test_narrative_sections.py;tests/unit/test_narrative_top_level.py;tests/unit/test_replay_llm_narrative.py,direct unit/component evidence,selected,
UNIT-406CEC1297,src/analysis/plan_signals.py,ARC-ANALYSIS,SWR-CORE-001;SWR-DATA-002;SWR-DATA-003;SWR-ANA-001;SWR-ANA-002;SWR-ANA-003;SWR-AGT-001;SWR-LLM-003;SWR-REP-001;SWR-REP-002;SWR-REP-003;SWR-REP-004;SWR-BT-001;SWR-UI-002,20,0,VM-STATIC;VM-UNIT;VM-REGRESSION;VM-INTEGRATION-PIPELINE,tests/unit/test_plan_signal_targets.py;tests/unit/test_plan_signals.py,direct unit/component evidence,selected,
UNIT-DAF97D09E5,src/analysis/price_action_facts.py,ARC-ANALYSIS,SWR-CORE-001;SWR-DATA-002;SWR-DATA-003;SWR-ANA-001;SWR-ANA-002;SWR-ANA-003;SWR-AGT-001;SWR-LLM-003;SWR-REP-001;SWR-REP-002;SWR-REP-003;SWR-REP-004;SWR-BT-001;SWR-UI-002,7,0,VM-STATIC;VM-UNIT;VM-REGRESSION;VM-INTEGRATION-PIPELINE,tests/unit/test_dgt_price_action.py,direct unit/component evidence,selected,
UNIT-CE01C0290C,src/analysis/proximity.py,ARC-ANALYSIS,SWR-CORE-001;SWR-DATA-002;SWR-DATA-003;SWR-ANA-001;SWR-ANA-002;SWR-ANA-003;SWR-AGT-001;SWR-LLM-003;SWR-REP-001;SWR-REP-002;SWR-REP-003;SWR-REP-004;SWR-BT-001;SWR-UI-002,3,0,VM-STATIC;VM-UNIT;VM-REGRESSION;VM-INTEGRATION-PIPELINE,tests/unit/test_proximity.py,direct unit/component evidence,selected,
UNIT-DAD8A91FF9,src/analysis/report_engine.py,ARC-ANALYSIS,SWR-CORE-001;SWR-DATA-002;SWR-DATA-003;SWR-ANA-001;SWR-ANA-002;SWR-ANA-003;SWR-AGT-001;SWR-LLM-003;SWR-REP-001;SWR-REP-002;SWR-REP-003;SWR-REP-004;SWR-BT-001;SWR-UI-002,44,8,VM-STATIC;VM-UNIT;VM-REGRESSION;VM-INTEGRATION-PIPELINE,tests/unit/test_agent_chain.py;tests/unit/test_audit_summary.py;tests/unit/test_backtest_simulator.py;tests/unit/test_calendar_empty.py;tests/unit/test_chart_projections.py;tests/unit/test_claim_eligibility.py;tests/unit/test_display_labels.py;tests/unit/test_evidence_provenance.py;tests/unit/test_financial_review.py;tests/unit/test_llm_payload_funnel.py;tests/unit/test_manager_authorization.py;tests/unit/test_plan_signals.py;tests/unit/test_report_invariant_gate.py;tests/unit/test_report_invariants.py;tests/unit/test_rule_chain_stability.py;tests/unit/test_signal_dedup.py;tests/unit/test_trader_sentiment.py,direct unit/component evidence,selected,
UNIT-CD6DA8C4A3,src/analysis/report_facts.py,ARC-ANALYSIS,SWR-CORE-001;SWR-DATA-002;SWR-DATA-003;SWR-ANA-001;SWR-ANA-002;SWR-ANA-003;SWR-AGT-001;SWR-LLM-003;SWR-REP-001;SWR-REP-002;SWR-REP-003;SWR-REP-004;SWR-BT-001;SWR-UI-002,3,0,VM-STATIC;VM-UNIT;VM-REGRESSION;VM-INTEGRATION-PIPELINE,tests/unit/test_report_facts.py,direct unit/component evidence,selected,
UNIT-1AECFA1072,src/analysis/report_invariant_gate.py,ARC-ANALYSIS,SWR-CORE-001;SWR-DATA-002;SWR-DATA-003;SWR-ANA-001;SWR-ANA-002;SWR-ANA-003;SWR-AGT-001;SWR-LLM-003;SWR-REP-001;SWR-REP-002;SWR-REP-003;SWR-REP-004;SWR-BT-001;SWR-UI-002,4,1,VM-STATIC;VM-UNIT;VM-REGRESSION;VM-INTEGRATION-PIPELINE,tests/integration/test_offline_report_contract.py;tests/unit/test_report_invariant_gate.py,direct unit/component evidence,selected,
UNIT-70BD327D9D,src/analysis/report_invariants.py,ARC-ANALYSIS,SWR-CORE-001;SWR-DATA-002;SWR-DATA-003;SWR-ANA-001;SWR-ANA-002;SWR-ANA-003;SWR-AGT-001;SWR-LLM-003;SWR-REP-001;SWR-REP-002;SWR-REP-003;SWR-REP-004;SWR-BT-001;SWR-UI-002,13,3,VM-STATIC;VM-UNIT;VM-REGRESSION;VM-INTEGRATION-PIPELINE,tests/integration/test_offline_report_contract.py;tests/unit/test_claim_eligibility.py;tests/unit/test_golden_report_benchmark.py;tests/unit/test_plan_signal_targets.py;tests/unit/test_report_invariant_gate.py;tests/unit/test_report_invariants.py;tests/unit/test_report_reliability.py,direct unit/component evidence,selected,
UNIT-07E7315842,src/analysis/report_reliability.py,ARC-ANALYSIS,SWR-CORE-001;SWR-DATA-002;SWR-DATA-003;SWR-ANA-001;SWR-ANA-002;SWR-ANA-003;SWR-AGT-001;SWR-LLM-003;SWR-REP-001;SWR-REP-002;SWR-REP-003;SWR-REP-004;SWR-BT-001;SWR-UI-002,11,0,VM-STATIC;VM-UNIT;VM-REGRESSION;VM-INTEGRATION-PIPELINE,tests/integration/test_offline_report_contract.py;tests/unit/test_golden_report_benchmark.py;tests/unit/test_report_reliability.py,direct unit/component evidence,selected,
UNIT-0CC0E8D72A,src/analysis/risk_gates.py,ARC-ANALYSIS,SWR-CORE-001;SWR-DATA-002;SWR-DATA-003;SWR-ANA-001;SWR-ANA-002;SWR-ANA-003;SWR-AGT-001;SWR-LLM-003;SWR-REP-001;SWR-REP-002;SWR-REP-003;SWR-REP-004;SWR-BT-001;SWR-UI-002,6,0,VM-STATIC;VM-UNIT;VM-REGRESSION;VM-INTEGRATION-PIPELINE,tests/unit/test_risk_gates.py;tests/unit/test_risk_gates_trigger.py,direct unit/component evidence,selected,
UNIT-84723142FA,src/analysis/signal_geometry.py,ARC-ANALYSIS,SWR-CORE-001;SWR-DATA-002;SWR-DATA-003;SWR-ANA-001;SWR-ANA-002;SWR-ANA-003;SWR-AGT-001;SWR-LLM-003;SWR-REP-001;SWR-REP-002;SWR-REP-003;SWR-REP-004;SWR-BT-001;SWR-UI-002,3,1,VM-STATIC;VM-UNIT;VM-REGRESSION;VM-INTEGRATION-PIPELINE,tests/unit/test_signal_geometry.py,direct unit/component evidence,selected,
UNIT-C8F58D21E1,src/analysis/signal_identity.py,ARC-ANALYSIS,SWR-CORE-001;SWR-DATA-002;SWR-DATA-003;SWR-ANA-001;SWR-ANA-002;SWR-ANA-003;SWR-AGT-001;SWR-LLM-003;SWR-REP-001;SWR-REP-002;SWR-REP-003;SWR-REP-004;SWR-BT-001;SWR-UI-002,1,0,VM-STATIC;VM-UNIT;VM-REGRESSION;VM-INTEGRATION-PIPELINE,tests/unit/test_signal_identity.py,direct unit/component evidence,selected,
UNIT-7FAAA8EDCA,src/analysis/technical_context.py,ARC-ANALYSIS,SWR-CORE-001;SWR-DATA-002;SWR-DATA-003;SWR-ANA-001;SWR-ANA-002;SWR-ANA-003;SWR-AGT-001;SWR-LLM-003;SWR-REP-001;SWR-REP-002;SWR-REP-003;SWR-REP-004;SWR-BT-001;SWR-UI-002,17,0,VM-STATIC;VM-UNIT;VM-REGRESSION;VM-INTEGRATION-PIPELINE,tests/unit/test_chart_projections.py;tests/unit/test_financial_review.py;tests/unit/test_indicators.py;tests/unit/test_narrative_facts.py;tests/unit/test_technical_context_lux.py,direct unit/component evidence,selected,
UNIT-EBF42549F9,src/analysis/tf_snapshot.py,ARC-ANALYSIS,SWR-CORE-001;SWR-DATA-002;SWR-DATA-003;SWR-ANA-001;SWR-ANA-002;SWR-ANA-003;SWR-AGT-001;SWR-LLM-003;SWR-REP-001;SWR-REP-002;SWR-REP-003;SWR-REP-004;SWR-BT-001;SWR-UI-002,4,0,VM-STATIC;VM-UNIT;VM-REGRESSION;VM-INTEGRATION-PIPELINE,tests/unit/test_technical_context_lux.py;tests/unit/test_tf_snapshot.py,direct unit/component evidence,selected,
UNIT-D4FB321D1E,src/backtest/__init__.py,ARC-BACKTEST,SWR-BT-001,1,0,VM-STATIC;VM-BACKTEST,,static analysis selected for low/medium-risk unit,selected,
UNIT-B336AA1943,src/backtest/engine.py,ARC-BACKTEST,SWR-BT-001,10,2,VM-STATIC;VM-UNIT;VM-BACKTEST,tests/unit/test_archive_optimizations.py;tests/unit/test_backtest_engine.py,direct unit/component evidence,selected,
UNIT-D40A0640BF,src/backtest/macro.py,ARC-BACKTEST,SWR-BT-001,6,1,VM-STATIC;VM-UNIT;VM-BACKTEST,tests/unit/test_backtest_macro.py,direct unit/component evidence,selected,
UNIT-A92846CF7A,src/backtest/metrics.py,ARC-BACKTEST,SWR-BT-001,3,2,VM-STATIC;VM-UNIT;VM-BACKTEST,tests/unit/test_backtest_metrics.py,direct unit/component evidence,selected,
UNIT-D6D81AA6C4,src/backtest/simulator.py,ARC-BACKTEST,SWR-BT-001,10,10,VM-STATIC;VM-UNIT;VM-BACKTEST,tests/unit/test_backtest_simulator.py,direct unit/component evidence,selected,
UNIT-A71E1F8CE9,src/backtest/types.py,ARC-BACKTEST,SWR-BT-001,5,3,VM-STATIC;VM-UNIT;VM-BACKTEST,tests/unit/test_backtest_metrics.py;tests/unit/test_backtest_simulator.py;tests/unit/test_run_config.py,direct unit/component evidence,selected,
UNIT-F43788FE2B,src/config.py,ARC-CORE,SWR-CORE-001;SWR-CORE-002;SWR-LLM-001;SWR-REP-001;SWR-REP-003;SWR-CFG-001;SWR-NFR-001;SWR-NFR-002,5,0,VM-STATIC;VM-UNIT;VM-REGRESSION;VM-INTEGRATION-PIPELINE,tests/integration/test_external_apis.py;tests/regression/test_fixes.py;tests/unit/test_llm_client_timeouts.py;tests/unit/test_llm_stage_policy.py;tests/unit/test_mt5_provider.py,direct unit/component evidence,selected,
UNIT-21570B9DEB,src/core/__init__.py,ARC-CORE,SWR-CORE-001;SWR-CORE-002;SWR-LLM-001;SWR-REP-001;SWR-REP-003;SWR-CFG-001;SWR-NFR-001;SWR-NFR-002,0,0,VM-STATIC;VM-REGRESSION;VM-INTEGRATION-PIPELINE,,static analysis selected for low/medium-risk unit,selected,
UNIT-AA59BF5421,src/core/orchestrator.py,ARC-CORE,SWR-CORE-001;SWR-CORE-002;SWR-LLM-001;SWR-REP-001;SWR-REP-003;SWR-CFG-001;SWR-NFR-001;SWR-NFR-002,1,1,VM-STATIC;VM-UNIT;VM-REGRESSION;VM-INTEGRATION-PIPELINE,tests/unit/test_aspice_high_risk_contracts.py,direct unit/component evidence,selected,
UNIT-D0BEC20560,src/core/orchestrator_hooks.py,ARC-CORE,SWR-CORE-001;SWR-CORE-002;SWR-LLM-001;SWR-REP-001;SWR-REP-003;SWR-CFG-001;SWR-NFR-001;SWR-NFR-002,4,3,VM-STATIC;VM-UNIT;VM-REGRESSION;VM-INTEGRATION-PIPELINE,tests/unit/test_aspice_high_risk_contracts.py;tests/unit/test_orchestrator_hooks.py,direct unit/component evidence,selected,
UNIT-D85010DCA2,src/core/parallel.py,ARC-CORE,SWR-CORE-001;SWR-CORE-002;SWR-LLM-001;SWR-REP-001;SWR-REP-003;SWR-CFG-001;SWR-NFR-001;SWR-NFR-002,3,0,VM-STATIC;VM-UNIT;VM-REGRESSION;VM-INTEGRATION-PIPELINE,tests/unit/test_analyst_team_llm.py;tests/unit/test_aspice_high_risk_contracts.py;tests/unit/test_parallel.py,direct unit/component evidence,selected,
UNIT-0DC607AB64,src/core/progress.py,ARC-CORE,SWR-CORE-001;SWR-CORE-002;SWR-LLM-001;SWR-REP-001;SWR-REP-003;SWR-CFG-001;SWR-NFR-001;SWR-NFR-002,31,1,VM-STATIC;VM-UNIT;VM-REGRESSION;VM-INTEGRATION-PIPELINE,tests/integration/test_coherence.py;tests/integration/test_external_apis.py;tests/integration/test_pipeline.py;tests/regression/test_doc_pipeline_sync.py;tests/unit/test_analyst_team.py;tests/unit/test_analyst_team_llm.py;tests/unit/test_archive_compat.py;tests/unit/test_archive_transfer.py;tests/unit/test_aspice_high_risk_contracts.py;tests/unit/test_chart_projections.py;tests/unit/test_financial_review.py;tests/unit/test_generation_worker.py;tests/unit/test_golden_report_benchmark.py;tests/unit/test_indicators.py;tests/unit/test_live_progress_ui.py;tests/unit/test_llm_stage_policy.py;tests/unit/test_llm_trade_stages.py;tests/unit/test_llm_transport.py;tests/unit/test_manager_authorization.py;tests/unit/test_module_sync_telemetry.py;tests/unit/test_orchestrator_hooks.py;tests/unit/test_pipeline_progress_headline.py;tests/unit/test_progress.py;tests/unit/test_report_invariants.py;tests/unit/test_risk_gates.py;tests/unit/test_run_archive.py;tests/unit/test_run_config.py;tests/unit/test_streamlit_ensure_report.py;tests/unit/test_tradingview_retry.py,direct unit/component evidence,selected,
UNIT-4BD152D87B,src/core/run_config.py,ARC-CORE,SWR-CORE-001;SWR-CORE-002;SWR-LLM-001;SWR-REP-001;SWR-REP-003;SWR-CFG-001;SWR-NFR-001;SWR-NFR-002,0,0,VM-STATIC;VM-UNIT;VM-REGRESSION;VM-INTEGRATION-PIPELINE,tests/unit/test_archive_optimizations.py;tests/unit/test_archive_transfer.py;tests/unit/test_generation_worker.py;tests/unit/test_orchestrator_hooks.py;tests/unit/test_run_archive.py;tests/unit/test_run_config.py;tests/unit/test_run_config_panel.py;tests/unit/test_streamlit_ensure_report.py,direct unit/component evidence,selected,
UNIT-338F795D63,src/core/run_context.py,ARC-CORE,SWR-CORE-001;SWR-CORE-002;SWR-LLM-001;SWR-REP-001;SWR-REP-003;SWR-CFG-001;SWR-NFR-001;SWR-NFR-002,0,0,VM-STATIC;VM-UNIT;VM-REGRESSION;VM-INTEGRATION-PIPELINE,tests/unit/test_run_config.py,direct unit/component evidence,selected,
UNIT-D5EB6E2A98,src/core/types.py,ARC-CORE,SWR-CORE-001;SWR-CORE-002;SWR-LLM-001;SWR-REP-001;SWR-REP-003;SWR-CFG-001;SWR-NFR-001;SWR-NFR-002,21,2,VM-STATIC;VM-UNIT;VM-REGRESSION;VM-INTEGRATION-PIPELINE,tests/integration/test_coherence.py;tests/regression/test_docs_structure.py;tests/unit/test_agent_chain.py;tests/unit/test_analyst_input_density.py;tests/unit/test_analyst_team.py;tests/unit/test_analyst_team_llm.py;tests/unit/test_archive_optimizations.py;tests/unit/test_archive_transfer.py;tests/unit/test_audit_summary.py;tests/unit/test_calendar_empty.py;tests/unit/test_claim_eligibility.py;tests/unit/test_debate_coherence.py;tests/unit/test_debate_parallel.py;tests/unit/test_evidence_provenance.py;tests/unit/test_external_data_view.py;tests/unit/test_external_sources.py;tests/unit/test_financial_review.py;tests/unit/test_llm_context_compact.py;tests/unit/test_llm_context_fact_refs.py;tests/unit/test_llm_levels.py;tests/unit/test_llm_payload_funnel.py;tests/unit/test_llm_trade_stages.py;tests/unit/test_manager_authorization.py;tests/unit/test_narrative_authorization.py;tests/unit/test_narrative_facts.py;tests/unit/test_orchestrator_hooks.py;tests/unit/test_research_parallel.py;tests/unit/test_risk_gates.py;tests/unit/test_risk_gates_trigger.py;tests/unit/test_rule_chain_stability.py;tests/unit/test_run_archive.py;tests/unit/test_run_config.py;tests/unit/test_signal_dedup.py;tests/unit/test_source_labels.py;tests/unit/test_technical_context_lux.py;tests/unit/test_trader_sentiment.py,direct unit/component evidence,selected,
UNIT-5C9ECC73E4,src/data/__init__.py,ARC-DATA,SWR-CORE-001;SWR-DATA-001;SWR-DATA-002;SWR-DATA-003;SWR-CFG-001;SWR-NFR-001,0,0,VM-STATIC;VM-INTEGRATION-EXTERNAL,,static analysis selected for low/medium-risk unit,selected,
UNIT-D3B9BEAAC0,src/data/aggregator.py,ARC-DATA,SWR-CORE-001;SWR-DATA-001;SWR-DATA-002;SWR-DATA-003;SWR-CFG-001;SWR-NFR-001,4,3,VM-STATIC;VM-UNIT;VM-INTEGRATION-EXTERNAL,tests/integration/test_external_apis.py,direct unit/component evidence,selected,
UNIT-F5D8BD410B,src/data/calendar_utils.py,ARC-DATA,SWR-CORE-001;SWR-DATA-001;SWR-DATA-002;SWR-DATA-003;SWR-CFG-001;SWR-NFR-001,3,0,VM-STATIC;VM-UNIT;VM-INTEGRATION-EXTERNAL,tests/unit/test_narrative_authorization.py,direct unit/component evidence,selected,
UNIT-24843AC961,src/data/context_builder.py,ARC-DATA,SWR-CORE-001;SWR-DATA-001;SWR-DATA-002;SWR-DATA-003;SWR-CFG-001;SWR-NFR-001,10,1,VM-STATIC;VM-UNIT;VM-INTEGRATION-EXTERNAL,tests/unit/test_analyst_input_density.py;tests/unit/test_narrative_authorization.py,direct unit/component evidence,selected,
UNIT-05079ECC27,src/data/external_format.py,ARC-DATA,SWR-CORE-001;SWR-DATA-001;SWR-DATA-002;SWR-DATA-003;SWR-CFG-001;SWR-NFR-001,2,0,VM-STATIC;VM-UNIT;VM-INTEGRATION-EXTERNAL,tests/unit/test_narrative_authorization.py,direct unit/component evidence,selected,
UNIT-2B33A302FC,src/data/fetch_pipeline.py,ARC-DATA,SWR-CORE-001;SWR-DATA-001;SWR-DATA-002;SWR-DATA-003;SWR-CFG-001;SWR-NFR-001,7,5,VM-STATIC;VM-UNIT;VM-INTEGRATION-EXTERNAL,tests/unit/test_analyst_input_density.py;tests/unit/test_archive_optimizations.py;tests/unit/test_archive_transfer.py;tests/unit/test_external_data_view.py;tests/unit/test_orchestrator_hooks.py;tests/unit/test_run_archive.py,direct unit/component evidence,selected,
UNIT-5C3B60E30A,src/data/fetcher.py,ARC-DATA,SWR-CORE-001;SWR-DATA-001;SWR-DATA-002;SWR-DATA-003;SWR-CFG-001;SWR-NFR-001,7,2,VM-STATIC;VM-UNIT;VM-INTEGRATION-EXTERNAL,tests/unit/test_generation_worker.py;tests/unit/test_indicators.py;tests/unit/test_run_archive.py,direct unit/component evidence,selected,
UNIT-52888D723D,src/data/mt5.py,ARC-DATA,SWR-CORE-001;SWR-DATA-001;SWR-DATA-002;SWR-DATA-003;SWR-CFG-001;SWR-NFR-001,13,5,VM-STATIC;VM-UNIT;VM-INTEGRATION-EXTERNAL,tests/unit/test_aspice_high_risk_contracts.py;tests/unit/test_mt5_provider.py,direct unit/component evidence,selected,
UNIT-C335B8F5CF,src/data/news_topics.py,ARC-DATA,SWR-CORE-001;SWR-DATA-001;SWR-DATA-002;SWR-DATA-003;SWR-CFG-001;SWR-NFR-001,1,0,VM-STATIC;VM-UNIT;VM-INTEGRATION-EXTERNAL,tests/unit/test_analyst_input_density.py,direct unit/component evidence,selected,
UNIT-0F842B8ECE,src/data/proxy_env.py,ARC-DATA,SWR-CORE-001;SWR-DATA-001;SWR-DATA-002;SWR-DATA-003;SWR-CFG-001;SWR-NFR-001,2,0,VM-STATIC;VM-INTEGRATION-EXTERNAL,,static analysis selected for low/medium-risk unit,selected,
UNIT-EA7E4F88FE,src/data/run_archive.py,ARC-DATA,SWR-CORE-001;SWR-DATA-001;SWR-DATA-002;SWR-DATA-003;SWR-CFG-001;SWR-NFR-001,0,0,VM-STATIC;VM-UNIT;VM-INTEGRATION-EXTERNAL,tests/unit/test_archive_optimizations.py;tests/unit/test_run_archive.py,direct unit/component evidence,selected,
UNIT-023A37A1E9,src/data/run_archive_compat.py,ARC-DATA,SWR-CORE-001;SWR-DATA-001;SWR-DATA-002;SWR-DATA-003;SWR-CFG-001;SWR-NFR-001,0,0,VM-STATIC;VM-INTEGRATION-EXTERNAL,,static analysis selected for low/medium-risk unit,selected,
UNIT-7BFC490988,src/data/run_archive_index.py,ARC-DATA,SWR-CORE-001;SWR-DATA-001;SWR-DATA-002;SWR-DATA-003;SWR-CFG-001;SWR-NFR-001,0,0,VM-STATIC;VM-UNIT;VM-INTEGRATION-EXTERNAL,tests/unit/test_archive_optimizations.py,direct unit/component evidence,selected,
UNIT-DAD8BC5B0F,src/data/run_archive_prune.py,ARC-DATA,SWR-CORE-001;SWR-DATA-001;SWR-DATA-002;SWR-DATA-003;SWR-CFG-001;SWR-NFR-001,0,0,VM-STATIC;VM-UNIT;VM-INTEGRATION-EXTERNAL,tests/unit/test_archive_optimizations.py,direct unit/component evidence,selected,
UNIT-767BF49F25,src/data/run_archive_schema.py,ARC-DATA,SWR-CORE-001;SWR-DATA-001;SWR-DATA-002;SWR-DATA-003;SWR-CFG-001;SWR-NFR-001,0,0,VM-STATIC;VM-UNIT;VM-INTEGRATION-EXTERNAL,tests/unit/test_run_archive.py,direct unit/component evidence,selected,
UNIT-C3952C43CB,src/data/sources/__init__.py,ARC-DATA,SWR-CORE-001;SWR-DATA-001;SWR-DATA-002;SWR-DATA-003;SWR-CFG-001;SWR-NFR-001,0,0,VM-STATIC;VM-INTEGRATION-EXTERNAL,,static analysis selected for low/medium-risk unit,selected,
UNIT-C590FCE576,src/data/sources/_http.py,ARC-DATA,SWR-CORE-001;SWR-DATA-001;SWR-DATA-002;SWR-DATA-003;SWR-CFG-001;SWR-NFR-001,3,2,VM-STATIC;VM-UNIT;VM-INTEGRATION-EXTERNAL,tests/unit/test_http_helpers.py,direct unit/component evidence,selected,
UNIT-0DF4638D5E,src/data/sources/base.py,ARC-DATA,SWR-CORE-001;SWR-DATA-001;SWR-DATA-002;SWR-DATA-003;SWR-CFG-001;SWR-NFR-001,1,0,VM-STATIC;VM-UNIT;VM-INTEGRATION-EXTERNAL,tests/unit/test_archive_compat.py;tests/unit/test_archive_transfer.py;tests/unit/test_aspice_high_risk_contracts.py;tests/unit/test_external_data_view.py;tests/unit/test_generation_worker.py;tests/unit/test_orchestrator_hooks.py;tests/unit/test_pipeline_progress_headline.py;tests/unit/test_run_archive.py;tests/unit/test_tradingview_retry.py,direct unit/component evidence,selected,
UNIT-1FA1BDF5BA,src/data/sources/dxy.py,ARC-DATA,SWR-CORE-001;SWR-DATA-001;SWR-DATA-002;SWR-DATA-003;SWR-CFG-001;SWR-NFR-001,1,1,VM-STATIC;VM-UNIT;VM-INTEGRATION-EXTERNAL,tests/integration/test_external_apis.py;tests/unit/test_external_sources.py,direct unit/component evidence,selected,
UNIT-EC9B21793D,src/data/sources/fundamentals.py,ARC-DATA,SWR-CORE-001;SWR-DATA-001;SWR-DATA-002;SWR-DATA-003;SWR-CFG-001;SWR-NFR-001,4,3,VM-STATIC;VM-UNIT;VM-INTEGRATION-EXTERNAL,tests/integration/test_external_apis.py;tests/unit/test_analyst_team.py;tests/unit/test_external_sources.py,direct unit/component evidence,selected,
UNIT-4D4D8A02C7,src/data/sources/gold_relevance.py,ARC-DATA,SWR-CORE-001;SWR-DATA-001;SWR-DATA-002;SWR-DATA-003;SWR-CFG-001;SWR-NFR-001,2,0,VM-STATIC;VM-UNIT;VM-INTEGRATION-EXTERNAL,tests/unit/test_external_sources.py,direct unit/component evidence,selected,
UNIT-7020937074,src/data/sources/jin10_feed.py,ARC-DATA,SWR-CORE-001;SWR-DATA-001;SWR-DATA-002;SWR-DATA-003;SWR-CFG-001;SWR-NFR-001,23,2,VM-STATIC;VM-UNIT;VM-INTEGRATION-EXTERNAL,tests/integration/test_external_apis.py;tests/unit/test_analyst_input_density.py;tests/unit/test_external_data_view.py;tests/unit/test_external_sources.py;tests/unit/test_fact_registry.py;tests/unit/test_run_archive.py,direct unit/component evidence,selected,
UNIT-927BB1749D,src/data/sources/jin10_mcp_client.py,ARC-DATA,SWR-CORE-001;SWR-DATA-001;SWR-DATA-002;SWR-DATA-003;SWR-CFG-001;SWR-NFR-001,10,2,VM-STATIC;VM-UNIT;VM-INTEGRATION-EXTERNAL,tests/unit/test_analyst_input_density.py;tests/unit/test_aspice_high_risk_contracts.py;tests/unit/test_external_sources.py;tests/unit/test_llm_client_timeouts.py,direct unit/component evidence,selected,
UNIT-FE5C27C113,src/data/sources/macro.py,ARC-DATA,SWR-CORE-001;SWR-DATA-001;SWR-DATA-002;SWR-DATA-003;SWR-CFG-001;SWR-NFR-001,5,2,VM-STATIC;VM-UNIT;VM-INTEGRATION-EXTERNAL,tests/unit/test_analyst_team.py;tests/unit/test_external_sources.py,direct unit/component evidence,selected,
UNIT-603339624C,src/data/sources/market.py,ARC-DATA,SWR-CORE-001;SWR-DATA-001;SWR-DATA-002;SWR-DATA-003;SWR-CFG-001;SWR-NFR-001,2,0,VM-STATIC;VM-UNIT;VM-INTEGRATION-EXTERNAL,tests/unit/test_aspice_high_risk_contracts.py;tests/unit/test_external_sources.py,direct unit/component evidence,selected,
UNIT-58D6F95301,src/data/sources/news.py,ARC-DATA,SWR-CORE-001;SWR-DATA-001;SWR-DATA-002;SWR-DATA-003;SWR-CFG-001;SWR-NFR-001,4,2,VM-STATIC;VM-UNIT;VM-INTEGRATION-EXTERNAL,tests/integration/test_external_apis.py;tests/unit/test_external_sources.py,direct unit/component evidence,selected,
UNIT-BA8DF8A829,src/data/sources/social.py,ARC-DATA,SWR-CORE-001;SWR-DATA-001;SWR-DATA-002;SWR-DATA-003;SWR-CFG-001;SWR-NFR-001,3,3,VM-STATIC;VM-UNIT;VM-INTEGRATION-EXTERNAL,tests/integration/test_external_apis.py;tests/unit/test_external_sources.py,direct unit/component evidence,selected,
UNIT-B05F7AFFA4,src/data/sources/social_feed.py,ARC-DATA,SWR-CORE-001;SWR-DATA-001;SWR-DATA-002;SWR-DATA-003;SWR-CFG-001;SWR-NFR-001,11,1,VM-STATIC;VM-UNIT;VM-INTEGRATION-EXTERNAL,tests/integration/test_external_apis.py;tests/unit/test_external_sources.py,direct unit/component evidence,selected,
UNIT-C1711535CA,src/data/tradingview.py,ARC-DATA,SWR-CORE-001;SWR-DATA-001;SWR-DATA-002;SWR-DATA-003;SWR-CFG-001;SWR-NFR-001,15,4,VM-STATIC;VM-UNIT;VM-INTEGRATION-EXTERNAL,tests/unit/test_agent_chain.py;tests/unit/test_analyst_input_density.py;tests/unit/test_analyst_team.py;tests/unit/test_analyst_team_llm.py;tests/unit/test_archive_optimizations.py;tests/unit/test_archive_transfer.py;tests/unit/test_claim_eligibility.py;tests/unit/test_debate_parallel.py;tests/unit/test_external_data_view.py;tests/unit/test_external_sources.py;tests/unit/test_llm_levels.py;tests/unit/test_llm_payload_funnel.py;tests/unit/test_narrative_authorization.py;tests/unit/test_narrative_facts.py;tests/unit/test_orchestrator_hooks.py;tests/unit/test_research_parallel.py;tests/unit/test_run_archive.py;tests/unit/test_signal_dedup.py;tests/unit/test_technical_context_lux.py;tests/unit/test_trader_sentiment.py;tests/unit/test_tradingview_retry.py,direct unit/component evidence,selected,
UNIT-62A1AFF305,src/data/url_redact.py,ARC-DATA,SWR-CORE-001;SWR-DATA-001;SWR-DATA-002;SWR-DATA-003;SWR-CFG-001;SWR-NFR-001,1,0,VM-STATIC;VM-UNIT;VM-INTEGRATION-EXTERNAL,tests/unit/test_url_redact.py,direct unit/component evidence,selected,
UNIT-7D2CF26834,src/indicators/__init__.py,ARC-INDICATORS,SWR-ANA-001,0,0,VM-STATIC,,static analysis selected for low/medium-risk unit,selected,
UNIT-2F8C299C5B,src/indicators/technical.py,ARC-INDICATORS,SWR-ANA-001,10,0,VM-STATIC;VM-UNIT,tests/unit/test_analyst_input_density.py;tests/unit/test_analyst_team.py;tests/unit/test_analyst_team_llm.py;tests/unit/test_debate_parallel.py;tests/unit/test_financial_review.py;tests/unit/test_llm_payload_funnel.py;tests/unit/test_narrative_facts.py;tests/unit/test_report_facts.py;tests/unit/test_research_parallel.py;tests/unit/test_signal_dedup.py,direct unit/component evidence,selected,
UNIT-D35A8017FE,src/indicators/verify.py,ARC-INDICATORS,SWR-ANA-001,2,0,VM-STATIC;VM-UNIT,tests/unit/test_financial_review.py;tests/unit/test_indicators.py,direct unit/component evidence,selected,
UNIT-598812089B,src/llm/__init__.py,ARC-LLM,SWR-LLM-001;SWR-LLM-002;SWR-LLM-003;SWR-CFG-001;SWR-NFR-001,0,0,VM-STATIC;VM-REGRESSION;VM-INTEGRATION-PIPELINE,,static analysis selected for low/medium-risk unit,selected,
UNIT-F5CB9D3F8C,src/llm/analyst.py,ARC-LLM,SWR-LLM-001;SWR-LLM-002;SWR-LLM-003;SWR-CFG-001;SWR-NFR-001,7,0,VM-STATIC;VM-UNIT;VM-REGRESSION;VM-INTEGRATION-PIPELINE,tests/unit/test_narrative_sections.py;tests/unit/test_replay_llm_narrative.py,direct unit/component evidence,selected,
UNIT-D7FD07AF44,src/llm/client.py,ARC-LLM,SWR-LLM-001;SWR-LLM-002;SWR-LLM-003;SWR-CFG-001;SWR-NFR-001,8,1,VM-STATIC;VM-UNIT;VM-REGRESSION;VM-INTEGRATION-PIPELINE,tests/regression/test_aspice_assets.py;tests/unit/test_archive_transfer.py;tests/unit/test_aspice_high_risk_contracts.py;tests/unit/test_generation_worker.py;tests/unit/test_http_helpers.py;tests/unit/test_llm_client_timeouts.py;tests/unit/test_llm_stage_policy.py;tests/unit/test_llm_transport.py;tests/unit/test_narrative_sections.py;tests/unit/test_pipeline_progress_live.py;tests/unit/test_source_labels.py,direct unit/component evidence,selected,
UNIT-6C3FD6C2E5,src/llm/context.py,ARC-LLM,SWR-LLM-001;SWR-LLM-002;SWR-LLM-003;SWR-CFG-001;SWR-NFR-001,6,0,VM-STATIC;VM-UNIT;VM-REGRESSION;VM-INTEGRATION-PIPELINE,tests/unit/test_analyst_input_density.py;tests/unit/test_llm_context_compact.py;tests/unit/test_llm_context_fact_refs.py,direct unit/component evidence,selected,
UNIT-DEB0D517C6,src/llm/format_io.py,ARC-LLM,SWR-LLM-001;SWR-LLM-002;SWR-LLM-003;SWR-CFG-001;SWR-NFR-001,3,0,VM-STATIC;VM-REGRESSION;VM-INTEGRATION-PIPELINE,,static analysis selected for low/medium-risk unit,selected,
UNIT-FBF77B94FB,src/llm/narrative_output.py,ARC-LLM,SWR-LLM-001;SWR-LLM-002;SWR-LLM-003;SWR-CFG-001;SWR-NFR-001,11,0,VM-STATIC;VM-UNIT;VM-REGRESSION;VM-INTEGRATION-PIPELINE,tests/unit/test_narrative_output.py,direct unit/component evidence,selected,
UNIT-A605FCB3A9,src/llm/prompts.py,ARC-LLM,SWR-LLM-001;SWR-LLM-002;SWR-LLM-003;SWR-CFG-001;SWR-NFR-001,2,0,VM-STATIC;VM-REGRESSION;VM-INTEGRATION-PIPELINE,,static analysis selected for low/medium-risk unit,selected,
UNIT-6568B95AFA,src/llm/router.py,ARC-LLM,SWR-LLM-001;SWR-LLM-002;SWR-LLM-003;SWR-CFG-001;SWR-NFR-001,7,0,VM-STATIC;VM-UNIT;VM-REGRESSION;VM-INTEGRATION-PIPELINE,tests/unit/test_debate_parallel.py,direct unit/component evidence,selected,
UNIT-E488978A91,src/llm/stage_policy.py,ARC-LLM,SWR-LLM-001;SWR-LLM-002;SWR-LLM-003;SWR-CFG-001;SWR-NFR-001,8,0,VM-STATIC;VM-UNIT;VM-REGRESSION;VM-INTEGRATION-PIPELINE,tests/regression/test_fixes.py;tests/unit/test_llm_client_timeouts.py;tests/unit/test_llm_stage_policy.py;tests/unit/test_run_config.py,direct unit/component evidence,selected,
UNIT-A91501B8CA,src/log.py,ARC-CORE,SWR-CORE-001;SWR-CORE-002;SWR-LLM-001;SWR-REP-001;SWR-REP-003;SWR-CFG-001;SWR-NFR-001;SWR-NFR-002,2,0,VM-STATIC;VM-REGRESSION;VM-INTEGRATION-PIPELINE,,static analysis selected for low/medium-risk unit,selected,
UNIT-BA3F06E87A,src/pipeline.py,ARC-CORE,SWR-CORE-001;SWR-CORE-002;SWR-LLM-001;SWR-REP-001;SWR-REP-003;SWR-CFG-001;SWR-NFR-001;SWR-NFR-002,1,0,VM-STATIC;VM-UNIT;VM-REGRESSION;VM-INTEGRATION-PIPELINE,tests/integration/test_pipeline.py;tests/unit/test_generation_worker.py,direct unit/component evidence,selected,
UNIT-3D26D1EC62,src/run/__init__.py,ARC-RUN,SWR-CORE-001;SWR-CORE-002;SWR-DATA-003;SWR-REP-001;SWR-REP-002;SWR-REP-003;SWR-ARC-001;SWR-ARC-002;SWR-NFR-002;SWR-NFR-004,0,0,VM-STATIC;VM-REGRESSION;VM-INTEGRATION-PIPELINE,,static analysis selected for low/medium-risk unit,selected,
UNIT-6C61C7BBF5,src/run/archive/__init__.py,ARC-RUN,SWR-CORE-001;SWR-CORE-002;SWR-DATA-003;SWR-REP-001;SWR-REP-002;SWR-REP-003;SWR-ARC-001;SWR-ARC-002;SWR-NFR-002;SWR-NFR-004,0,0,VM-STATIC;VM-REGRESSION;VM-INTEGRATION-PIPELINE,,static analysis selected for low/medium-risk unit,selected,
UNIT-2F300FEED2,src/run/archive/compat.py,ARC-RUN,SWR-CORE-001;SWR-CORE-002;SWR-DATA-003;SWR-REP-001;SWR-REP-002;SWR-REP-003;SWR-ARC-001;SWR-ARC-002;SWR-NFR-002;SWR-NFR-004,9,1,VM-STATIC;VM-UNIT;VM-REGRESSION;VM-INTEGRATION-PIPELINE,tests/unit/test_archive_compat.py,direct unit/component evidence,selected,
UNIT-AF0B99F0B7,src/run/archive/completion.py,ARC-RUN,SWR-CORE-001;SWR-CORE-002;SWR-DATA-003;SWR-REP-001;SWR-REP-002;SWR-REP-003;SWR-ARC-001;SWR-ARC-002;SWR-NFR-002;SWR-NFR-004,3,2,VM-STATIC;VM-UNIT;VM-REGRESSION;VM-INTEGRATION-PIPELINE,tests/unit/test_archive_compat.py;tests/unit/test_archive_optimizations.py;tests/unit/test_archive_transfer.py,direct unit/component evidence,selected,
UNIT-969BF3943A,src/run/archive/index.py,ARC-RUN,SWR-CORE-001;SWR-CORE-002;SWR-DATA-003;SWR-REP-001;SWR-REP-002;SWR-REP-003;SWR-ARC-001;SWR-ARC-002;SWR-NFR-002;SWR-NFR-004,7,0,VM-STATIC;VM-UNIT;VM-REGRESSION;VM-INTEGRATION-PIPELINE,tests/unit/test_archive_optimizations.py,direct unit/component evidence,selected,
UNIT-038535558B,src/run/archive/prune.py,ARC-RUN,SWR-CORE-001;SWR-CORE-002;SWR-DATA-003;SWR-REP-001;SWR-REP-002;SWR-REP-003;SWR-ARC-001;SWR-ARC-002;SWR-NFR-002;SWR-NFR-004,2,1,VM-STATIC;VM-UNIT;VM-REGRESSION;VM-INTEGRATION-PIPELINE,tests/unit/test_archive_optimizations.py,direct unit/component evidence,selected,
UNIT-EA2375EFD1,src/run/archive/schema.py,ARC-RUN,SWR-CORE-001;SWR-CORE-002;SWR-DATA-003;SWR-REP-001;SWR-REP-002;SWR-REP-003;SWR-ARC-001;SWR-ARC-002;SWR-NFR-002;SWR-NFR-004,5,1,VM-STATIC;VM-UNIT;VM-REGRESSION;VM-INTEGRATION-PIPELINE,tests/unit/test_archive_compat.py;tests/unit/test_archive_optimizations.py;tests/unit/test_run_archive.py,direct unit/component evidence,selected,
UNIT-D3D34BC712,src/run/archive/store.py,ARC-RUN,SWR-CORE-001;SWR-CORE-002;SWR-DATA-003;SWR-REP-001;SWR-REP-002;SWR-REP-003;SWR-ARC-001;SWR-ARC-002;SWR-NFR-002;SWR-NFR-004,40,15,VM-STATIC;VM-UNIT;VM-REGRESSION;VM-INTEGRATION-PIPELINE,tests/unit/test_archive_optimizations.py;tests/unit/test_archive_transfer.py;tests/unit/test_orchestrator_hooks.py;tests/unit/test_run_archive.py,direct unit/component evidence,selected,
UNIT-3365BE69B6,src/run/archive/transfer.py,ARC-RUN,SWR-CORE-001;SWR-CORE-002;SWR-DATA-003;SWR-REP-001;SWR-REP-002;SWR-REP-003;SWR-ARC-001;SWR-ARC-002;SWR-NFR-002;SWR-NFR-004,2,2,VM-STATIC;VM-UNIT;VM-REGRESSION;VM-INTEGRATION-PIPELINE,tests/unit/test_archive_transfer.py,direct unit/component evidence,selected,
UNIT-E124606847,src/run/config.py,ARC-RUN,SWR-CORE-001;SWR-CORE-002;SWR-DATA-003;SWR-REP-001;SWR-REP-002;SWR-REP-003;SWR-ARC-001;SWR-ARC-002;SWR-NFR-002;SWR-NFR-004,11,0,VM-STATIC;VM-UNIT;VM-REGRESSION;VM-INTEGRATION-PIPELINE,tests/regression/test_fixes.py;tests/unit/test_archive_compat.py;tests/unit/test_archive_optimizations.py;tests/unit/test_archive_transfer.py;tests/unit/test_generation_worker.py;tests/unit/test_orchestrator_hooks.py;tests/unit/test_run_archive.py;tests/unit/test_run_config.py;tests/unit/test_run_config_panel.py;tests/unit/test_streamlit_ensure_report.py,direct unit/component evidence,selected,
UNIT-8A8BC190AA,src/run/context.py,ARC-RUN,SWR-CORE-001;SWR-CORE-002;SWR-DATA-003;SWR-REP-001;SWR-REP-002;SWR-REP-003;SWR-ARC-001;SWR-ARC-002;SWR-NFR-002;SWR-NFR-004,6,0,VM-STATIC;VM-UNIT;VM-REGRESSION;VM-INTEGRATION-PIPELINE,tests/unit/test_analyst_team_llm.py;tests/unit/test_archive_config_summary.py;tests/unit/test_archive_transfer.py;tests/unit/test_audit_summary.py;tests/unit/test_debate_parallel.py;tests/unit/test_generation_worker.py;tests/unit/test_llm_trade_stages.py;tests/unit/test_orchestrator_hooks.py;tests/unit/test_report_invariant_gate.py;tests/unit/test_report_invariants.py;tests/unit/test_research_parallel.py;tests/unit/test_run_archive.py;tests/unit/test_run_config.py;tests/unit/test_run_config_panel.py,direct unit/component evidence,selected,
UNIT-7DF4993AB3,src/run/pipeline_run.py,ARC-RUN,SWR-CORE-001;SWR-CORE-002;SWR-DATA-003;SWR-REP-001;SWR-REP-002;SWR-REP-003;SWR-ARC-001;SWR-ARC-002;SWR-NFR-002;SWR-NFR-004,2,0,VM-STATIC;VM-REGRESSION;VM-INTEGRATION-PIPELINE,,static analysis selected for low/medium-risk unit,selected,
UNIT-3EC85337CA,src/viz/__init__.py,ARC-VIZ,SWR-REP-004;SWR-ARC-002;SWR-UI-001;SWR-UI-002;SWR-NFR-002,0,0,VM-STATIC;VM-MANUAL-UI,,static analysis selected for low/medium-risk unit,selected,
UNIT-986F7077AB,src/viz/agent_trace_view.py,ARC-VIZ,SWR-REP-004;SWR-ARC-002;SWR-UI-001;SWR-UI-002;SWR-NFR-002,8,1,VM-STATIC;VM-UNIT;VM-MANUAL-UI,tests/regression/test_fixes.py,direct unit/component evidence,selected,
UNIT-6A590D74F1,src/viz/archive_config_summary.py,ARC-VIZ,SWR-REP-004;SWR-ARC-002;SWR-UI-001;SWR-UI-002;SWR-NFR-002,2,2,VM-STATIC;VM-UNIT;VM-MANUAL-UI,tests/unit/test_archive_config_summary.py,direct unit/component evidence,selected,
UNIT-7301A06E0A,src/viz/charts.py,ARC-VIZ,SWR-REP-004;SWR-ARC-002;SWR-UI-001;SWR-UI-002;SWR-NFR-002,2,0,VM-STATIC;VM-UNIT;VM-MANUAL-UI,tests/unit/test_aspice_high_risk_contracts.py,direct unit/component evidence,selected,
UNIT-C8A82E7519,src/viz/dashboard_components.py,ARC-VIZ,SWR-REP-004;SWR-ARC-002;SWR-UI-001;SWR-UI-002;SWR-NFR-002,38,0,VM-STATIC;VM-UNIT;VM-MANUAL-UI,tests/unit/test_aspice_high_risk_contracts.py;tests/unit/test_display_labels.py;tests/unit/test_external_data_view.py;tests/unit/test_financial_review.py,direct unit/component evidence,selected,
UNIT-003F08DECB,src/viz/decision_page.py,ARC-VIZ,SWR-REP-004;SWR-ARC-002;SWR-UI-001;SWR-UI-002;SWR-NFR-002,3,0,VM-STATIC;VM-UNIT;VM-MANUAL-UI,tests/regression/test_fixes.py,direct unit/component evidence,selected,
UNIT-9B624C52D7,src/viz/display_labels.py,ARC-VIZ,SWR-REP-004;SWR-ARC-002;SWR-UI-001;SWR-UI-002;SWR-NFR-002,10,2,VM-STATIC;VM-UNIT;VM-MANUAL-UI,tests/unit/test_aspice_high_risk_contracts.py;tests/unit/test_display_labels.py,direct unit/component evidence,selected,
UNIT-8B3827F5EC,src/viz/external_data_view.py,ARC-VIZ,SWR-REP-004;SWR-ARC-002;SWR-UI-001;SWR-UI-002;SWR-NFR-002,6,0,VM-STATIC;VM-UNIT;VM-MANUAL-UI,tests/unit/test_external_data_view.py;tests/unit/test_orchestrator_hooks.py,direct unit/component evidence,selected,
UNIT-E27519993B,src/viz/generation_state.py,ARC-VIZ,SWR-REP-004;SWR-ARC-002;SWR-UI-001;SWR-UI-002;SWR-NFR-002,7,0,VM-STATIC;VM-UNIT;VM-MANUAL-UI,tests/integration/test_pipeline.py;tests/unit/test_archive_compat.py;tests/unit/test_aspice_high_risk_contracts.py;tests/unit/test_fact_registry.py;tests/unit/test_generation_worker.py;tests/unit/test_indicators.py;tests/unit/test_module_sync_telemetry.py;tests/unit/test_narrative_sections.py;tests/unit/test_replay_llm_narrative.py;tests/unit/test_run_config_panel.py;tests/unit/test_streamlit_ensure_report.py,direct unit/component evidence,selected,
UNIT-4C9DB5733A,src/viz/generation_worker.py,ARC-VIZ,SWR-REP-004;SWR-ARC-002;SWR-UI-001;SWR-UI-002;SWR-NFR-002,16,0,VM-STATIC;VM-UNIT;VM-MANUAL-UI,tests/integration/test_pipeline.py;tests/regression/test_doc_pipeline_sync.py;tests/regression/test_fixes.py;tests/unit/test_archive_compat.py;tests/unit/test_archive_transfer.py;tests/unit/test_aspice_high_risk_contracts.py;tests/unit/test_generation_worker.py;tests/unit/test_golden_report_benchmark.py;tests/unit/test_live_progress_ui.py;tests/unit/test_llm_stage_policy.py;tests/unit/test_module_sync_telemetry.py;tests/unit/test_pipeline_progress_headline.py;tests/unit/test_progress.py;tests/unit/test_report_invariants.py;tests/unit/test_risk_gates.py;tests/unit/test_run_archive.py;tests/unit/test_streamlit_ensure_report.py,direct unit/component evidence,selected,
UNIT-ABBEDFD349,src/viz/lightweight_chart.py,ARC-VIZ,SWR-REP-004;SWR-ARC-002;SWR-UI-001;SWR-UI-002;SWR-NFR-002,15,15,VM-STATIC;VM-UNIT;VM-MANUAL-UI,tests/unit/test_aspice_high_risk_contracts.py;tests/unit/test_chart_projections.py,direct unit/component evidence,selected,
UNIT-F5C8E9BF82,src/viz/llm_meta.py,ARC-VIZ,SWR-REP-004;SWR-ARC-002;SWR-UI-001;SWR-UI-002;SWR-NFR-002,4,0,VM-STATIC;VM-MANUAL-UI,,static analysis selected for low/medium-risk unit,selected,
UNIT-E782E5B762,src/viz/llm_view.py,ARC-VIZ,SWR-REP-004;SWR-ARC-002;SWR-UI-001;SWR-UI-002;SWR-NFR-002,2,0,VM-STATIC;VM-MANUAL-UI,,static analysis selected for low/medium-risk unit,selected,
UNIT-D8AB5E90B4,src/viz/page_layout.py,ARC-VIZ,SWR-REP-004;SWR-ARC-002;SWR-UI-001;SWR-UI-002;SWR-NFR-002,1,0,VM-STATIC;VM-UNIT;VM-MANUAL-UI,tests/regression/test_fixes.py,direct unit/component evidence,selected,
UNIT-87EC9BC982,src/viz/pipeline_progress.py,ARC-VIZ,SWR-REP-004;SWR-ARC-002;SWR-UI-001;SWR-UI-002;SWR-NFR-002,19,1,VM-STATIC;VM-UNIT;VM-MANUAL-UI,tests/regression/test_fixes.py;tests/unit/test_archive_compat.py;tests/unit/test_aspice_high_risk_contracts.py;tests/unit/test_pipeline_progress_headline.py;tests/unit/test_pipeline_progress_live.py;tests/unit/test_report_invariant_gate.py;tests/unit/test_run_archive.py,direct unit/component evidence,selected,
UNIT-A63D87A7BB,src/viz/replay_loader.py,ARC-VIZ,SWR-REP-004;SWR-ARC-002;SWR-UI-001;SWR-UI-002;SWR-NFR-002,1,0,VM-STATIC;VM-UNIT;VM-MANUAL-UI,tests/regression/test_fixes.py;tests/unit/test_archive_optimizations.py;tests/unit/test_generation_worker.py,direct unit/component evidence,selected,
UNIT-4E47421947,src/viz/report_views.py,ARC-VIZ,SWR-REP-004;SWR-ARC-002;SWR-UI-001;SWR-UI-002;SWR-NFR-002,4,1,VM-STATIC;VM-UNIT;VM-MANUAL-UI,tests/unit/test_aspice_high_risk_contracts.py,direct unit/component evidence,selected,
UNIT-EE18DE86B2,src/viz/run_config_panel.py,ARC-VIZ,SWR-REP-004;SWR-ARC-002;SWR-UI-001;SWR-UI-002;SWR-NFR-002,20,2,VM-STATIC;VM-UNIT;VM-MANUAL-UI,tests/regression/test_fixes.py;tests/unit/test_run_config_panel.py,direct unit/component evidence,selected,
UNIT-6FA4E87F8A,src/viz/session_keys.py,ARC-VIZ,SWR-REP-004;SWR-ARC-002;SWR-UI-001;SWR-UI-002;SWR-NFR-002,5,0,VM-STATIC;VM-UNIT;VM-MANUAL-UI,tests/unit/test_generation_worker.py;tests/unit/test_streamlit_ensure_report.py,direct unit/component evidence,selected,
UNIT-F568EA7ECE,src/viz/source_labels.py,ARC-VIZ,SWR-REP-004;SWR-ARC-002;SWR-UI-001;SWR-UI-002;SWR-NFR-002,8,0,VM-STATIC;VM-UNIT;VM-MANUAL-UI,tests/unit/test_agent_chain.py;tests/unit/test_analyst_input_density.py;tests/unit/test_analyst_team.py;tests/unit/test_analyst_team_llm.py;tests/unit/test_archive_optimizations.py;tests/unit/test_archive_transfer.py;tests/unit/test_claim_eligibility.py;tests/unit/test_debate_parallel.py;tests/unit/test_external_data_view.py;tests/unit/test_llm_levels.py;tests/unit/test_llm_payload_funnel.py;tests/unit/test_narrative_authorization.py;tests/unit/test_narrative_facts.py;tests/unit/test_orchestrator_hooks.py;tests/unit/test_research_parallel.py;tests/unit/test_run_archive.py;tests/unit/test_signal_dedup.py;tests/unit/test_source_labels.py;tests/unit/test_technical_context_lux.py;tests/unit/test_trader_sentiment.py,direct unit/component evidence,selected,
UNIT-202DB41FE0,src/viz/streamlit_common.py,ARC-VIZ,SWR-REP-004;SWR-ARC-002;SWR-UI-001;SWR-UI-002;SWR-NFR-002,20,0,VM-STATIC;VM-UNIT;VM-MANUAL-UI,tests/regression/test_fixes.py;tests/unit/test_streamlit_ensure_report.py,direct unit/component evidence,selected,
UNIT-02D5D8E12E,views/1_机构级分析报告.py,ARC-APP,SWR-CORE-002;SWR-UI-001;SWR-CFG-001,0,0,VM-STATIC;VM-MANUAL-UI,,static analysis selected for low/medium-risk unit,selected,
UNIT-0E03CCECCA,views/2_短线策略.py,ARC-APP,SWR-CORE-002;SWR-UI-001;SWR-CFG-001,0,0,VM-STATIC;VM-MANUAL-UI,,static analysis selected for low/medium-risk unit,selected,
UNIT-74CD83898F,views/3_LLM决策链.py,ARC-APP,SWR-CORE-002;SWR-UI-001;SWR-CFG-001,0,0,VM-STATIC;VM-MANUAL-UI,,static analysis selected for low/medium-risk unit,selected,
UNIT-1FE6319D7A,views/4_外部数据.py,ARC-APP,SWR-CORE-002;SWR-UI-001;SWR-CFG-001,0,0,VM-STATIC;VM-MANUAL-UI,,static analysis selected for low/medium-risk unit,selected,
