software_unit_id,source_path,architecture_id,design_profile,responsibility,static_interface_basis,dynamic_behavior_basis,requirement_ids,critical_unit,detailed_design
UNIT-13CCE7FD07,app.py,ARC-APP,应用入口与运行配置,GoldAnalysisAI — Streamlit 入口（纯导航，不显示为侧边栏页面）。,AST public symbols + Python type annotations,software-architecture.yaml component behavior,SWR-CORE-002;SWR-UI-001;SWR-CFG-001,no,inherited component profile
UNIT-B2A1584DAD,run_app.py,ARC-APP,应用入口与运行配置,GoldAnalysisAI cross-platform launcher (Windows + Linux + macOS).,AST public symbols + Python type annotations,software-architecture.yaml component behavior,SWR-CORE-002;SWR-UI-001;SWR-CFG-001,no,inherited component profile
UNIT-670F7F7454,scripts/chart_compare_test.py,ARC-TOOLS,开发、审核与运维工具,Backward-compatible shim → tests/tools/chart_compare.py,AST public symbols + Python type annotations,software-architecture.yaml component behavior,SWR-NFR-003;SWR-NFR-004,no,inherited component profile
UNIT-DE82D6E44B,scripts/check_aspice_assets.py,ARC-TOOLS,开发、审核与运维工具,Generate and validate Automotive SPICE governance assets.,AST public symbols + Python type annotations,software-architecture.yaml component behavior,SWR-NFR-003;SWR-NFR-004,no,inherited component profile
UNIT-D4B396B36E,scripts/check_mt5_connection.py,ARC-TOOLS,开发、审核与运维工具,Smoke-test the optional MT5 connection.,AST public symbols + Python type annotations,software-architecture.yaml component behavior,SWR-NFR-003;SWR-NFR-004,no,inherited component profile
UNIT-9572F90802,scripts/close_fixed_issues.py,ARC-TOOLS,开发、审核与运维工具,Backward-compatible shim → tests/tools/github/close_issues.py,AST public symbols + Python type annotations,software-architecture.yaml component behavior,SWR-NFR-003;SWR-NFR-004,no,inherited component profile
UNIT-B4A1ACCFA2,scripts/compare_pa_5m_tv.py,ARC-TOOLS,开发、审核与运维工具,Quick 5m PA vs TV screenshot.,AST public symbols + Python type annotations,software-architecture.yaml component behavior,SWR-NFR-003;SWR-NFR-004,no,inherited component profile
UNIT-8E5050CAE9,scripts/compare_pa_tv.py,ARC-TOOLS,开发、审核与运维工具,Compare DGT PA output with TradingView screenshot reference.,AST public symbols + Python type annotations,software-architecture.yaml component behavior,SWR-NFR-003;SWR-NFR-004,no,inherited component profile
UNIT-EEFB367071,scripts/create_system_test_issues.py,ARC-TOOLS,开发、审核与运维工具,Backward-compatible shim → tests/tools/github/create_issues.py,AST public symbols + Python type annotations,software-architecture.yaml component behavior,SWR-NFR-003;SWR-NFR-004,no,inherited component profile
UNIT-3FA67AE3BF,scripts/estimate_llm_tokens.py,ARC-TOOLS,开发、审核与运维工具,"Rough per-stage LLM token budget (offline, sample context).",AST public symbols + Python type annotations,software-architecture.yaml component behavior,SWR-NFR-003;SWR-NFR-004,no,inherited component profile
UNIT-2781538FF5,scripts/export_sample_report.py,ARC-TOOLS,开发、审核与运维工具,Export a脱敏 sample report JSON for docs/reference/examples/ (no network).,AST public symbols + Python type annotations,software-architecture.yaml component behavior,SWR-NFR-003;SWR-NFR-004,no,inherited component profile
UNIT-44DA65110B,scripts/generate_aspice_readable_docs.py,ARC-TOOLS,开发、审核与运维工具,Render the ASPICE software-domain evidence as reviewable Markdown.,AST public symbols + Python type annotations,software-architecture.yaml component behavior,SWR-NFR-003;SWR-NFR-004,no,inherited component profile
UNIT-70EE096332,scripts/generate_aspice_software_evidence.py,ARC-TOOLS,开发、审核与运维工具,Generate SWE.3-SWE.6 as-built design and verification evidence.,AST public symbols + Python type annotations,software-architecture.yaml component behavior,SWR-NFR-003;SWR-NFR-004,no,inherited component profile
UNIT-37E036C51B,scripts/inspect_archive.py,ARC-TOOLS,开发、审核与运维工具,"Inspect, list, and validate run archives without opening Streamlit.",AST public symbols + Python type annotations,software-architecture.yaml component behavior,SWR-NFR-003;SWR-NFR-004,no,inherited component profile
UNIT-EBDE8E6443,scripts/regression_test.py,ARC-TOOLS,开发、审核与运维工具,Backward-compatible shim → tests/run.py --fast,AST public symbols + Python type annotations,software-architecture.yaml component behavior,SWR-NFR-003;SWR-NFR-004,no,inherited component profile
UNIT-3960E281AB,scripts/replay_llm_narrative.py,ARC-TOOLS,开发、审核与运维工具,Replay saved LLM narrative JSON against report validators (zero API tokens).,AST public symbols + Python type annotations,software-architecture.yaml component behavior,SWR-NFR-003;SWR-NFR-004,no,inherited component profile
UNIT-D538889607,scripts/run_pipeline_test.py,ARC-TOOLS,开发、审核与运维工具,Backward-compatible shim → tests/run.py,AST public symbols + Python type annotations,software-architecture.yaml component behavior,SWR-NFR-003;SWR-NFR-004,no,inherited component profile
UNIT-8F71F01664,scripts/show_utf8.py,ARC-TOOLS,开发、审核与运维工具,Print UTF-8 text files with stable line numbers.,AST public symbols + Python type annotations,software-architecture.yaml component behavior,SWR-NFR-003;SWR-NFR-004,no,inherited component profile
UNIT-C913C2495C,scripts/test_live_fetch.py,ARC-TOOLS,开发、审核与运维工具,Quick live fetch smoke test for external data sources.,AST public symbols + Python type annotations,software-architecture.yaml component behavior,SWR-NFR-003;SWR-NFR-004,no,inherited component profile
UNIT-76C5F6645C,scripts/test_llm_json_fix.py,ARC-TOOLS,开发、审核与运维工具,Backward-compatible shim → pytest tests/unit/test_llm_json.py,AST public symbols + Python type annotations,software-architecture.yaml component behavior,SWR-NFR-003;SWR-NFR-004,no,inherited component profile
UNIT-B141E8A708,src/__init__.py,ARC-CORE,主编排与进度,TradingAgentCN - XAUUSD PA+ICT Analysis MVP.,AST public symbols + Python type annotations,software-architecture.yaml component behavior,SWR-CORE-001;SWR-CORE-002;SWR-LLM-001;SWR-REP-001;SWR-REP-003;SWR-CFG-001;SWR-NFR-001;SWR-NFR-002,no,inherited component profile
UNIT-818FCEC908,src/agents/__init__.py,ARC-AGENTS,规则/LLM Agent 编排,继承 规则/LLM Agent 编排 组件设计；模块职责由公开符号和调用关系约束,AST public symbols + Python type annotations,software-architecture.yaml component behavior,SWR-CORE-001;SWR-ANA-002;SWR-ANA-003;SWR-AGT-001;SWR-LLM-001;SWR-LLM-002;SWR-LLM-003,no,inherited component profile
UNIT-B6C46EF660,src/agents/analysts/__init__.py,ARC-AGENTS,规则/LLM Agent 编排,TradingAgents-style Analyst Team — four specialists before bull/bear research.,AST public symbols + Python type annotations,software-architecture.yaml component behavior,SWR-CORE-001;SWR-ANA-002;SWR-ANA-003;SWR-AGT-001;SWR-LLM-001;SWR-LLM-002;SWR-LLM-003,no,inherited component profile
UNIT-8110CB5DA5,src/agents/analysts/base.py,ARC-AGENTS,规则/LLM Agent 编排,Shared helpers for the Analyst Team.,AST public symbols + Python type annotations,software-architecture.yaml component behavior,SWR-CORE-001;SWR-ANA-002;SWR-ANA-003;SWR-AGT-001;SWR-LLM-001;SWR-LLM-002;SWR-LLM-003,no,inherited component profile
UNIT-87B2F0BBA3,src/agents/analysts/evidence_ids.py,ARC-AGENTS,规则/LLM Agent 编排,Stable evidence identifiers for analyst → research → debate provenance.,AST public symbols + Python type annotations,software-architecture.yaml component behavior,SWR-CORE-001;SWR-ANA-002;SWR-ANA-003;SWR-AGT-001;SWR-LLM-001;SWR-LLM-002;SWR-LLM-003,no,inherited component profile
UNIT-5E6C877F3B,src/agents/analysts/evidence_provenance.py,ARC-AGENTS,规则/LLM Agent 编排,"Validate, dedupe and score evidence IDs across analyst → research → debate.",AST public symbols + Python type annotations,software-architecture.yaml component behavior,SWR-CORE-001;SWR-ANA-002;SWR-ANA-003;SWR-AGT-001;SWR-LLM-001;SWR-LLM-002;SWR-LLM-003,no,inherited component profile
UNIT-52003276AA,src/agents/analysts/fundamentals.py,ARC-AGENTS,规则/LLM Agent 编排,Fundamentals Analyst — DXY / US10Y macro drivers for gold.,AST public symbols + Python type annotations,software-architecture.yaml component behavior,SWR-CORE-001;SWR-ANA-002;SWR-ANA-003;SWR-AGT-001;SWR-LLM-001;SWR-LLM-002;SWR-LLM-003,no,inherited component profile
UNIT-3628B84DDF,src/agents/analysts/news.py,ARC-AGENTS,规则/LLM Agent 编排,News Analyst — macro headlines and event risk.,AST public symbols + Python type annotations,software-architecture.yaml component behavior,SWR-CORE-001;SWR-ANA-002;SWR-ANA-003;SWR-AGT-001;SWR-LLM-001;SWR-LLM-002;SWR-LLM-003,no,inherited component profile
UNIT-B6597D0C34,src/agents/analysts/news_bias.py,ARC-AGENTS,规则/LLM Agent 编排,News / event bias inference from headlines and calendar.,AST public symbols + Python type annotations,software-architecture.yaml component behavior,SWR-CORE-001;SWR-ANA-002;SWR-ANA-003;SWR-AGT-001;SWR-LLM-001;SWR-LLM-002;SWR-LLM-003,no,inherited component profile
UNIT-8F2897B88A,src/agents/analysts/sentiment.py,ARC-AGENTS,规则/LLM Agent 编排,Sentiment Analyst — structure vote + TradingView community mood.,AST public symbols + Python type annotations,software-architecture.yaml component behavior,SWR-CORE-001;SWR-ANA-002;SWR-ANA-003;SWR-AGT-001;SWR-LLM-001;SWR-LLM-002;SWR-LLM-003,no,inherited component profile
UNIT-3363AD337F,src/agents/analysts/structure_zones.py,ARC-AGENTS,规则/LLM Agent 编排,ICT structure zone distance helpers for technical analyst.,AST public symbols + Python type annotations,software-architecture.yaml component behavior,SWR-CORE-001;SWR-ANA-002;SWR-ANA-003;SWR-AGT-001;SWR-LLM-001;SWR-LLM-002;SWR-LLM-003,no,inherited component profile
UNIT-8D8FC5EAA1,src/agents/analysts/technical.py,ARC-AGENTS,规则/LLM Agent 编排,Technical Analyst — indicators + ICT structure summary.,AST public symbols + Python type annotations,software-architecture.yaml component behavior,SWR-CORE-001;SWR-ANA-002;SWR-ANA-003;SWR-AGT-001;SWR-LLM-001;SWR-LLM-002;SWR-LLM-003,no,inherited component profile
UNIT-8933374B3E,src/agents/bearish.py,ARC-AGENTS,规则/LLM Agent 编排,Bearish researcher — structure + Analyst Team evidence for sell side.,AST public symbols + Python type annotations,software-architecture.yaml component behavior,SWR-CORE-001;SWR-ANA-002;SWR-ANA-003;SWR-AGT-001;SWR-LLM-001;SWR-LLM-002;SWR-LLM-003,no,inherited component profile
UNIT-6008A95748,src/agents/bullish.py,ARC-AGENTS,规则/LLM Agent 编排,Bullish researcher — structure + Analyst Team evidence for buy side.,AST public symbols + Python type annotations,software-architecture.yaml component behavior,SWR-CORE-001;SWR-ANA-002;SWR-ANA-003;SWR-AGT-001;SWR-LLM-001;SWR-LLM-002;SWR-LLM-003,no,inherited component profile
UNIT-34BF03F815,src/agents/debate.py,ARC-AGENTS,规则/LLM Agent 编排,Research debate — bull vs bear discussion → consensus.,AST public symbols + Python type annotations,software-architecture.yaml component behavior,SWR-CORE-001;SWR-ANA-002;SWR-ANA-003;SWR-AGT-001;SWR-LLM-001;SWR-LLM-002;SWR-LLM-003,no,inherited component profile
UNIT-F23DB48D75,src/agents/factory.py,ARC-AGENTS,规则/LLM Agent 编排,Agent factory — rule / llm / hybrid dispatch for each pipeline stage.,AST public symbols + Python type annotations,software-architecture.yaml component behavior,SWR-CORE-001;SWR-ANA-002;SWR-ANA-003;SWR-AGT-001;SWR-LLM-001;SWR-LLM-002;SWR-LLM-003,no,inherited component profile
UNIT-1606BDC6E2,src/agents/llm/__init__.py,ARC-AGENTS,规则/LLM Agent 编排,LLM agent stages — optional LLM implementations for the pipeline.,AST public symbols + Python type annotations,software-architecture.yaml component behavior,SWR-CORE-001;SWR-ANA-002;SWR-ANA-003;SWR-AGT-001;SWR-LLM-001;SWR-LLM-002;SWR-LLM-003,no,inherited component profile
UNIT-3EEB009803,src/agents/llm/base.py,ARC-AGENTS,规则/LLM Agent 编排,Shared utilities for LLM agent stages.,AST public symbols + Python type annotations,software-architecture.yaml component behavior,SWR-CORE-001;SWR-ANA-002;SWR-ANA-003;SWR-AGT-001;SWR-LLM-001;SWR-LLM-002;SWR-LLM-003,no,inherited component profile
UNIT-3A49BDA3A6,src/agents/llm/payload.py,ARC-AGENTS,规则/LLM Agent 编排,Build JSON payloads for LLM agent stages (with analyst input budgets).,AST public symbols + Python type annotations,software-architecture.yaml component behavior,SWR-CORE-001;SWR-ANA-002;SWR-ANA-003;SWR-AGT-001;SWR-LLM-001;SWR-LLM-002;SWR-LLM-003,no,inherited component profile
UNIT-9B539EDEB6,src/agents/llm/schemas.py,ARC-AGENTS,规则/LLM Agent 编排,Parse LLM JSON into pipeline domain types.,AST public symbols + Python type annotations,software-architecture.yaml component behavior,SWR-CORE-001;SWR-ANA-002;SWR-ANA-003;SWR-AGT-001;SWR-LLM-001;SWR-LLM-002;SWR-LLM-003,no,inherited component profile
UNIT-7226A2379A,src/agents/llm/stages/__init__.py,ARC-AGENTS,规则/LLM Agent 编排,继承 规则/LLM Agent 编排 组件设计；模块职责由公开符号和调用关系约束,AST public symbols + Python type annotations,software-architecture.yaml component behavior,SWR-CORE-001;SWR-ANA-002;SWR-ANA-003;SWR-AGT-001;SWR-LLM-001;SWR-LLM-002;SWR-LLM-003,no,inherited component profile
UNIT-1DF6497CE4,src/agents/llm/stages/analysts/__init__.py,ARC-AGENTS,规则/LLM Agent 编排,LLM stages for Analyst Team specialists.,AST public symbols + Python type annotations,software-architecture.yaml component behavior,SWR-CORE-001;SWR-ANA-002;SWR-ANA-003;SWR-AGT-001;SWR-LLM-001;SWR-LLM-002;SWR-LLM-003,no,inherited component profile
UNIT-73B0811649,src/agents/llm/stages/analysts/_common.py,ARC-AGENTS,规则/LLM Agent 编排,Shared LLM runner for Analyst Team specialists.,AST public symbols + Python type annotations,software-architecture.yaml component behavior,SWR-CORE-001;SWR-ANA-002;SWR-ANA-003;SWR-AGT-001;SWR-LLM-001;SWR-LLM-002;SWR-LLM-003,no,inherited component profile
UNIT-FCD3D48FDE,src/agents/llm/stages/analysts/fundamentals.py,ARC-AGENTS,规则/LLM Agent 编排,LLM Fundamentals Analyst.,AST public symbols + Python type annotations,software-architecture.yaml component behavior,SWR-CORE-001;SWR-ANA-002;SWR-ANA-003;SWR-AGT-001;SWR-LLM-001;SWR-LLM-002;SWR-LLM-003,no,inherited component profile
UNIT-25115C1D6F,src/agents/llm/stages/analysts/news.py,ARC-AGENTS,规则/LLM Agent 编排,LLM News Analyst.,AST public symbols + Python type annotations,software-architecture.yaml component behavior,SWR-CORE-001;SWR-ANA-002;SWR-ANA-003;SWR-AGT-001;SWR-LLM-001;SWR-LLM-002;SWR-LLM-003,no,inherited component profile
UNIT-2BF1B61E7E,src/agents/llm/stages/analysts/sentiment.py,ARC-AGENTS,规则/LLM Agent 编排,LLM Sentiment Analyst.,AST public symbols + Python type annotations,software-architecture.yaml component behavior,SWR-CORE-001;SWR-ANA-002;SWR-ANA-003;SWR-AGT-001;SWR-LLM-001;SWR-LLM-002;SWR-LLM-003,no,inherited component profile
UNIT-A3445B9493,src/agents/llm/stages/analysts/technical.py,ARC-AGENTS,规则/LLM Agent 编排,LLM Technical Analyst.,AST public symbols + Python type annotations,software-architecture.yaml component behavior,SWR-CORE-001;SWR-ANA-002;SWR-ANA-003;SWR-AGT-001;SWR-LLM-001;SWR-LLM-002;SWR-LLM-003,no,inherited component profile
UNIT-2CCD7C4DCB,src/agents/llm/stages/bearish.py,ARC-AGENTS,规则/LLM Agent 编排,LLM bearish researcher.,AST public symbols + Python type annotations,software-architecture.yaml component behavior,SWR-CORE-001;SWR-ANA-002;SWR-ANA-003;SWR-AGT-001;SWR-LLM-001;SWR-LLM-002;SWR-LLM-003,no,inherited component profile
UNIT-12BF07EB04,src/agents/llm/stages/bullish.py,ARC-AGENTS,规则/LLM Agent 编排,LLM bullish researcher.,AST public symbols + Python type annotations,software-architecture.yaml component behavior,SWR-CORE-001;SWR-ANA-002;SWR-ANA-003;SWR-AGT-001;SWR-LLM-001;SWR-LLM-002;SWR-LLM-003,no,inherited component profile
UNIT-3970799E39,src/agents/llm/stages/debate.py,ARC-AGENTS,规则/LLM Agent 编排,LLM debate moderator.,AST public symbols + Python type annotations,software-architecture.yaml component behavior,SWR-CORE-001;SWR-ANA-002;SWR-ANA-003;SWR-AGT-001;SWR-LLM-001;SWR-LLM-002;SWR-LLM-003,no,inherited component profile
UNIT-4FBC2B73A8,src/agents/llm/stages/levels.py,ARC-AGENTS,规则/LLM Agent 编排,LLM level proposer stage.,AST public symbols + Python type annotations,software-architecture.yaml component behavior,SWR-CORE-001;SWR-ANA-002;SWR-ANA-003;SWR-AGT-001;SWR-LLM-001;SWR-LLM-002;SWR-LLM-003,no,inherited component profile
UNIT-5ED826BE60,src/agents/llm/stages/manager.py,ARC-AGENTS,规则/LLM Agent 编排,LLM portfolio manager stage.,AST public symbols + Python type annotations,software-architecture.yaml component behavior,SWR-CORE-001;SWR-ANA-002;SWR-ANA-003;SWR-AGT-001;SWR-LLM-001;SWR-LLM-002;SWR-LLM-003,no,inherited component profile
UNIT-9038F74287,src/agents/llm/stages/risk.py,ARC-AGENTS,规则/LLM Agent 编排,LLM risk review stage.,AST public symbols + Python type annotations,software-architecture.yaml component behavior,SWR-CORE-001;SWR-ANA-002;SWR-ANA-003;SWR-AGT-001;SWR-LLM-001;SWR-LLM-002;SWR-LLM-003,no,inherited component profile
UNIT-A996419C04,src/agents/llm/stages/trader.py,ARC-AGENTS,规则/LLM Agent 编排,LLM trader stage.,AST public symbols + Python type annotations,software-architecture.yaml component behavior,SWR-CORE-001;SWR-ANA-002;SWR-ANA-003;SWR-AGT-001;SWR-LLM-001;SWR-LLM-002;SWR-LLM-003,no,inherited component profile
UNIT-CC665640C2,src/agents/manager.py,ARC-AGENTS,规则/LLM Agent 编排,Manager — final authorization based on risk reviews.,AST public symbols + Python type annotations,software-architecture.yaml component behavior,SWR-CORE-001;SWR-ANA-002;SWR-ANA-003;SWR-AGT-001;SWR-LLM-001;SWR-LLM-002;SWR-LLM-003,no,inherited component profile
UNIT-C1468C2396,src/agents/risk.py,ARC-AGENTS,规则/LLM Agent 编排,Risk management team — aggressive / neutral / conservative reviews.,AST public symbols + Python type annotations,software-architecture.yaml component behavior,SWR-CORE-001;SWR-ANA-002;SWR-ANA-003;SWR-AGT-001;SWR-LLM-001;SWR-LLM-002;SWR-LLM-003,no,inherited component profile
UNIT-6340C2C541,src/agents/trader.py,ARC-AGENTS,规则/LLM Agent 编排,Trader agent — synthesizes debate + structure into transaction proposal.,AST public symbols + Python type annotations,software-architecture.yaml component behavior,SWR-CORE-001;SWR-ANA-002;SWR-ANA-003;SWR-AGT-001;SWR-LLM-001;SWR-LLM-002;SWR-LLM-003,no,inherited component profile
UNIT-CF43FE46E5,src/analysis/__init__.py,ARC-ANALYSIS,事实、结构、信号与报告门禁,继承 事实、结构、信号与报告门禁 组件设计；模块职责由公开符号和调用关系约束,AST public symbols + Python type annotations,software-architecture.yaml component behavior,SWR-CORE-001;SWR-DATA-002;SWR-DATA-003;SWR-ANA-001;SWR-ANA-002;SWR-ANA-003;SWR-AGT-001;SWR-LLM-003;SWR-REP-001;SWR-REP-002;SWR-REP-003;SWR-REP-004;SWR-BT-001;SWR-UI-002,no,inherited component profile
UNIT-9F95D55376,src/analysis/audit_summary.py,ARC-ANALYSIS,事实、结构、信号与报告门禁,Per-run audit summary for Codex / regression review.,AST public symbols + Python type annotations,software-architecture.yaml component behavior,SWR-CORE-001;SWR-DATA-002;SWR-DATA-003;SWR-ANA-001;SWR-ANA-002;SWR-ANA-003;SWR-AGT-001;SWR-LLM-003;SWR-REP-001;SWR-REP-002;SWR-REP-003;SWR-REP-004;SWR-BT-001;SWR-UI-002,no,inherited component profile
UNIT-271BADECBE,src/analysis/chart_sr_filters.py,ARC-ANALYSIS,事实、结构、信号与报告门禁,Filter DGT S/R levels for chart display (5m main + 4h/1h/15m strips).,AST public symbols + Python type annotations,software-architecture.yaml component behavior,SWR-CORE-001;SWR-DATA-002;SWR-DATA-003;SWR-ANA-001;SWR-ANA-002;SWR-ANA-003;SWR-AGT-001;SWR-LLM-003;SWR-REP-001;SWR-REP-002;SWR-REP-003;SWR-REP-004;SWR-BT-001;SWR-UI-002,no,inherited component profile
UNIT-070AA8511C,src/analysis/chart_zone_filters.py,ARC-ANALYSIS,事实、结构、信号与报告门禁,Filter FVG/OB by the same visible candle range used on charts.,AST public symbols + Python type annotations,software-architecture.yaml component behavior,SWR-CORE-001;SWR-DATA-002;SWR-DATA-003;SWR-ANA-001;SWR-ANA-002;SWR-ANA-003;SWR-AGT-001;SWR-LLM-003;SWR-REP-001;SWR-REP-002;SWR-REP-003;SWR-REP-004;SWR-BT-001;SWR-UI-002,no,inherited component profile
UNIT-67D22A7C31,src/analysis/claim_eligibility.py,ARC-ANALYSIS,事实、结构、信号与报告门禁,Citation eligibility for technical claims used as execution rationale.,AST public symbols + Python type annotations,software-architecture.yaml component behavior,SWR-CORE-001;SWR-DATA-002;SWR-DATA-003;SWR-ANA-001;SWR-ANA-002;SWR-ANA-003;SWR-AGT-001;SWR-LLM-003;SWR-REP-001;SWR-REP-002;SWR-REP-003;SWR-REP-004;SWR-BT-001;SWR-UI-002,yes,supporting/key-unit-detailed-designs.md
UNIT-3549E9D9B7,src/analysis/data_freshness.py,ARC-ANALYSIS,事实、结构、信号与报告门禁,Data freshness / as-of contract for reports and analyst inputs.,AST public symbols + Python type annotations,software-architecture.yaml component behavior,SWR-CORE-001;SWR-DATA-002;SWR-DATA-003;SWR-ANA-001;SWR-ANA-002;SWR-ANA-003;SWR-AGT-001;SWR-LLM-003;SWR-REP-001;SWR-REP-002;SWR-REP-003;SWR-REP-004;SWR-BT-001;SWR-UI-002,no,inherited component profile
UNIT-7DFC57FAF9,src/analysis/dgt_price_action.py,ARC-ANALYSIS,事实、结构、信号与报告门禁,"DGT Price Action — volume/price S&R, spikes, volatility, volume profile.",AST public symbols + Python type annotations,software-architecture.yaml component behavior,SWR-CORE-001;SWR-DATA-002;SWR-DATA-003;SWR-ANA-001;SWR-ANA-002;SWR-ANA-003;SWR-AGT-001;SWR-LLM-003;SWR-REP-001;SWR-REP-002;SWR-REP-003;SWR-REP-004;SWR-BT-001;SWR-UI-002,no,inherited component profile
UNIT-3B1598DC1B,src/analysis/display_labels.py,ARC-ANALYSIS,事实、结构、信号与报告门禁,Shared Chinese/English labels for Lux structure display (analysis layer).,AST public symbols + Python type annotations,software-architecture.yaml component behavior,SWR-CORE-001;SWR-DATA-002;SWR-DATA-003;SWR-ANA-001;SWR-ANA-002;SWR-ANA-003;SWR-AGT-001;SWR-LLM-003;SWR-REP-001;SWR-REP-002;SWR-REP-003;SWR-REP-004;SWR-BT-001;SWR-UI-002,no,inherited component profile
UNIT-60E70E7439,src/analysis/fact_registry.py,ARC-ANALYSIS,事实、结构、信号与报告门禁,"Canonical fact registry with as-of, source and provenance contracts.",AST public symbols + Python type annotations,software-architecture.yaml component behavior,SWR-CORE-001;SWR-DATA-002;SWR-DATA-003;SWR-ANA-001;SWR-ANA-002;SWR-ANA-003;SWR-AGT-001;SWR-LLM-003;SWR-REP-001;SWR-REP-002;SWR-REP-003;SWR-REP-004;SWR-BT-001;SWR-UI-002,no,inherited component profile
UNIT-C37864F306,src/analysis/field_glossary.py,ARC-ANALYSIS,事实、结构、信号与报告门禁,Shared PA/SMC glossary and compact LLM field hints.,AST public symbols + Python type annotations,software-architecture.yaml component behavior,SWR-CORE-001;SWR-DATA-002;SWR-DATA-003;SWR-ANA-001;SWR-ANA-002;SWR-ANA-003;SWR-AGT-001;SWR-LLM-003;SWR-REP-001;SWR-REP-002;SWR-REP-003;SWR-REP-004;SWR-BT-001;SWR-UI-002,no,inherited component profile
UNIT-3962AAAC44,src/analysis/ict_pa.py,ARC-ANALYSIS,事实、结构、信号与报告门禁,ICT / Price Action shared types — LuxAlgo SMC detection via luxalgo_smc.,AST public symbols + Python type annotations,software-architecture.yaml component behavior,SWR-CORE-001;SWR-DATA-002;SWR-DATA-003;SWR-ANA-001;SWR-ANA-002;SWR-ANA-003;SWR-AGT-001;SWR-LLM-003;SWR-REP-001;SWR-REP-002;SWR-REP-003;SWR-REP-004;SWR-BT-001;SWR-UI-002,no,inherited component profile
UNIT-A9AE5E6696,src/analysis/level_validator.py,ARC-ANALYSIS,事实、结构、信号与报告门禁,Validate LLM proposed levels before they enter trading plans.,AST public symbols + Python type annotations,software-architecture.yaml component behavior,SWR-CORE-001;SWR-DATA-002;SWR-DATA-003;SWR-ANA-001;SWR-ANA-002;SWR-ANA-003;SWR-AGT-001;SWR-LLM-003;SWR-REP-001;SWR-REP-002;SWR-REP-003;SWR-REP-004;SWR-BT-001;SWR-UI-002,no,inherited component profile
UNIT-2F7FEDBA6F,src/analysis/luxalgo_smc.py,ARC-ANALYSIS,事实、结构、信号与报告门禁,LuxAlgo Smart Money Concepts — Python port of detection rules.,AST public symbols + Python type annotations,software-architecture.yaml component behavior,SWR-CORE-001;SWR-DATA-002;SWR-DATA-003;SWR-ANA-001;SWR-ANA-002;SWR-ANA-003;SWR-AGT-001;SWR-LLM-003;SWR-REP-001;SWR-REP-002;SWR-REP-003;SWR-REP-004;SWR-BT-001;SWR-UI-002,no,inherited component profile
UNIT-4F106AEC16,src/analysis/narrative_combine.py,ARC-ANALYSIS,事实、结构、信号与报告门禁,SMC + DGT Price Action narrative combination helpers.,AST public symbols + Python type annotations,software-architecture.yaml component behavior,SWR-CORE-001;SWR-DATA-002;SWR-DATA-003;SWR-ANA-001;SWR-ANA-002;SWR-ANA-003;SWR-AGT-001;SWR-LLM-003;SWR-REP-001;SWR-REP-002;SWR-REP-003;SWR-REP-004;SWR-BT-001;SWR-UI-002,no,inherited component profile
UNIT-B5B5D80EB7,src/analysis/narrative_facts.py,ARC-ANALYSIS,事实、结构、信号与报告门禁,Single builder for narrative LLM facts — shared by context and offline validation.,AST public symbols + Python type annotations,software-architecture.yaml component behavior,SWR-CORE-001;SWR-DATA-002;SWR-DATA-003;SWR-ANA-001;SWR-ANA-002;SWR-ANA-003;SWR-AGT-001;SWR-LLM-003;SWR-REP-001;SWR-REP-002;SWR-REP-003;SWR-REP-004;SWR-BT-001;SWR-UI-002,no,inherited component profile
UNIT-0D14C54B60,src/analysis/narrative_sections.py,ARC-ANALYSIS,事实、结构、信号与报告门禁,Institutional narrative sections shared by rule and LLM report paths.,AST public symbols + Python type annotations,software-architecture.yaml component behavior,SWR-CORE-001;SWR-DATA-002;SWR-DATA-003;SWR-ANA-001;SWR-ANA-002;SWR-ANA-003;SWR-AGT-001;SWR-LLM-003;SWR-REP-001;SWR-REP-002;SWR-REP-003;SWR-REP-004;SWR-BT-001;SWR-UI-002,no,inherited component profile
UNIT-406CEC1297,src/analysis/plan_signals.py,ARC-ANALYSIS,事实、结构、信号与报告门禁,PA-primary trading plans with SMC as score filter only.,AST public symbols + Python type annotations,software-architecture.yaml component behavior,SWR-CORE-001;SWR-DATA-002;SWR-DATA-003;SWR-ANA-001;SWR-ANA-002;SWR-ANA-003;SWR-AGT-001;SWR-LLM-003;SWR-REP-001;SWR-REP-002;SWR-REP-003;SWR-REP-004;SWR-BT-001;SWR-UI-002,no,inherited component profile
UNIT-DAF97D09E5,src/analysis/price_action_facts.py,ARC-ANALYSIS,事实、结构、信号与报告门禁,Assemble DGT price-action facts for report schema and LLM.,AST public symbols + Python type annotations,software-architecture.yaml component behavior,SWR-CORE-001;SWR-DATA-002;SWR-DATA-003;SWR-ANA-001;SWR-ANA-002;SWR-ANA-003;SWR-AGT-001;SWR-LLM-003;SWR-REP-001;SWR-REP-002;SWR-REP-003;SWR-REP-004;SWR-BT-001;SWR-UI-002,no,inherited component profile
UNIT-CE01C0290C,src/analysis/proximity.py,ARC-ANALYSIS,事实、结构、信号与报告门禁,Price-distance helpers for execution vs context structure levels.,AST public symbols + Python type annotations,software-architecture.yaml component behavior,SWR-CORE-001;SWR-DATA-002;SWR-DATA-003;SWR-ANA-001;SWR-ANA-002;SWR-ANA-003;SWR-AGT-001;SWR-LLM-003;SWR-REP-001;SWR-REP-002;SWR-REP-003;SWR-REP-004;SWR-BT-001;SWR-UI-002,no,inherited component profile
UNIT-DAD8A91FF9,src/analysis/report_engine.py,ARC-ANALYSIS,事实、结构、信号与报告门禁,"Report assembly: trading plans, conclusions, projections.",AST public symbols + Python type annotations,software-architecture.yaml component behavior,SWR-CORE-001;SWR-DATA-002;SWR-DATA-003;SWR-ANA-001;SWR-ANA-002;SWR-ANA-003;SWR-AGT-001;SWR-LLM-003;SWR-REP-001;SWR-REP-002;SWR-REP-003;SWR-REP-004;SWR-BT-001;SWR-UI-002,no,inherited component profile
UNIT-CD6DA8C4A3,src/analysis/report_facts.py,ARC-ANALYSIS,事实、结构、信号与报告门禁,Report-level facts assembled from Lux analyses (no human copy).,AST public symbols + Python type annotations,software-architecture.yaml component behavior,SWR-CORE-001;SWR-DATA-002;SWR-DATA-003;SWR-ANA-001;SWR-ANA-002;SWR-ANA-003;SWR-AGT-001;SWR-LLM-003;SWR-REP-001;SWR-REP-002;SWR-REP-003;SWR-REP-004;SWR-BT-001;SWR-UI-002,no,inherited component profile
UNIT-1AECFA1072,src/analysis/report_invariant_gate.py,ARC-ANALYSIS,事实、结构、信号与报告门禁,Apply deterministic remediations when report invariants fail (final gate).,AST public symbols + Python type annotations,software-architecture.yaml component behavior,SWR-CORE-001;SWR-DATA-002;SWR-DATA-003;SWR-ANA-001;SWR-ANA-002;SWR-ANA-003;SWR-AGT-001;SWR-LLM-003;SWR-REP-001;SWR-REP-002;SWR-REP-003;SWR-REP-004;SWR-BT-001;SWR-UI-002,no,inherited component profile
UNIT-70BD327D9D,src/analysis/report_invariants.py,ARC-ANALYSIS,事实、结构、信号与报告门禁,Deterministic final-report consistency and invariant gate.,AST public symbols + Python type annotations,software-architecture.yaml component behavior,SWR-CORE-001;SWR-DATA-002;SWR-DATA-003;SWR-ANA-001;SWR-ANA-002;SWR-ANA-003;SWR-AGT-001;SWR-LLM-003;SWR-REP-001;SWR-REP-002;SWR-REP-003;SWR-REP-004;SWR-BT-001;SWR-UI-002,no,inherited component profile
UNIT-07E7315842,src/analysis/report_reliability.py,ARC-ANALYSIS,事实、结构、信号与报告门禁,Deterministic report quality score (heuristic — not calibrated win probability).,AST public symbols + Python type annotations,software-architecture.yaml component behavior,SWR-CORE-001;SWR-DATA-002;SWR-DATA-003;SWR-ANA-001;SWR-ANA-002;SWR-ANA-003;SWR-AGT-001;SWR-LLM-003;SWR-REP-001;SWR-REP-002;SWR-REP-003;SWR-REP-004;SWR-BT-001;SWR-UI-002,no,inherited component profile
UNIT-0CC0E8D72A,src/analysis/risk_gates.py,ARC-ANALYSIS,事实、结构、信号与报告门禁,Deterministic risk gates before position scale is applied.,AST public symbols + Python type annotations,software-architecture.yaml component behavior,SWR-CORE-001;SWR-DATA-002;SWR-DATA-003;SWR-ANA-001;SWR-ANA-002;SWR-ANA-003;SWR-AGT-001;SWR-LLM-003;SWR-REP-001;SWR-REP-002;SWR-REP-003;SWR-REP-004;SWR-BT-001;SWR-UI-002,no,inherited component profile
UNIT-84723142FA,src/analysis/signal_geometry.py,ARC-ANALYSIS,事实、结构、信号与报告门禁,Direction-aware signal geometry helpers.,AST public symbols + Python type annotations,software-architecture.yaml component behavior,SWR-CORE-001;SWR-DATA-002;SWR-DATA-003;SWR-ANA-001;SWR-ANA-002;SWR-ANA-003;SWR-AGT-001;SWR-LLM-003;SWR-REP-001;SWR-REP-002;SWR-REP-003;SWR-REP-004;SWR-BT-001;SWR-UI-002,no,inherited component profile
UNIT-C8F58D21E1,src/analysis/signal_identity.py,ARC-ANALYSIS,事实、结构、信号与报告门禁,Stable signal identifiers derived from plan geometry.,AST public symbols + Python type annotations,software-architecture.yaml component behavior,SWR-CORE-001;SWR-DATA-002;SWR-DATA-003;SWR-ANA-001;SWR-ANA-002;SWR-ANA-003;SWR-AGT-001;SWR-LLM-003;SWR-REP-001;SWR-REP-002;SWR-REP-003;SWR-REP-004;SWR-BT-001;SWR-UI-002,no,inherited component profile
UNIT-7FAAA8EDCA,src/analysis/technical_context.py,ARC-ANALYSIS,事实、结构、信号与报告门禁,"Shared technical facts for rule analysts, LLM payloads, and narrative.",AST public symbols + Python type annotations,software-architecture.yaml component behavior,SWR-CORE-001;SWR-DATA-002;SWR-DATA-003;SWR-ANA-001;SWR-ANA-002;SWR-ANA-003;SWR-AGT-001;SWR-LLM-003;SWR-REP-001;SWR-REP-002;SWR-REP-003;SWR-REP-004;SWR-BT-001;SWR-UI-002,no,inherited component profile
UNIT-EBF42549F9,src/analysis/tf_snapshot.py,ARC-ANALYSIS,事实、结构、信号与报告门禁,Per-timeframe Lux structure snapshot — single fact primitive for report/LLM/UI.,AST public symbols + Python type annotations,software-architecture.yaml component behavior,SWR-CORE-001;SWR-DATA-002;SWR-DATA-003;SWR-ANA-001;SWR-ANA-002;SWR-ANA-003;SWR-AGT-001;SWR-LLM-003;SWR-REP-001;SWR-REP-002;SWR-REP-003;SWR-REP-004;SWR-BT-001;SWR-UI-002,no,inherited component profile
UNIT-D4FB321D1E,src/backtest/__init__.py,ARC-BACKTEST,Point-in-time 回测,Backtesting primitives for the rule-based XAUUSD analysis system.,AST public symbols + Python type annotations,software-architecture.yaml component behavior,SWR-BT-001,no,inherited component profile
UNIT-B336AA1943,src/backtest/engine.py,ARC-BACKTEST,Point-in-time 回测,Historical replay engine for the existing rule analysis stack.,AST public symbols + Python type annotations,software-architecture.yaml component behavior,SWR-BT-001,no,inherited component profile
UNIT-D40A0640BF,src/backtest/macro.py,ARC-BACKTEST,Point-in-time 回测,Historical macro replay helpers for backtests.,AST public symbols + Python type annotations,software-architecture.yaml component behavior,SWR-BT-001,no,inherited component profile
UNIT-A92846CF7A,src/backtest/metrics.py,ARC-BACKTEST,Point-in-time 回测,Performance statistics for backtest runs.,AST public symbols + Python type annotations,software-architecture.yaml component behavior,SWR-BT-001,no,inherited component profile
UNIT-D6D81AA6C4,src/backtest/simulator.py,ARC-BACKTEST,Point-in-time 回测,Execution simulator with conservative OHLC assumptions.,AST public symbols + Python type annotations,software-architecture.yaml component behavior,SWR-BT-001,yes,supporting/key-unit-detailed-designs.md
UNIT-A71E1F8CE9,src/backtest/types.py,ARC-BACKTEST,Point-in-time 回测,Typed data structures for institutional-style backtesting.,AST public symbols + Python type annotations,software-architecture.yaml component behavior,SWR-BT-001,no,inherited component profile
UNIT-F43788FE2B,src/config.py,ARC-CORE,主编排与进度,Application configuration from environment variables.,AST public symbols + Python type annotations,software-architecture.yaml component behavior,SWR-CORE-001;SWR-CORE-002;SWR-LLM-001;SWR-REP-001;SWR-REP-003;SWR-CFG-001;SWR-NFR-001;SWR-NFR-002,no,inherited component profile
UNIT-21570B9DEB,src/core/__init__.py,ARC-CORE,主编排与进度,继承 主编排与进度 组件设计；模块职责由公开符号和调用关系约束,AST public symbols + Python type annotations,software-architecture.yaml component behavior,SWR-CORE-001;SWR-CORE-002;SWR-LLM-001;SWR-REP-001;SWR-REP-003;SWR-CFG-001;SWR-NFR-001;SWR-NFR-002,no,inherited component profile
UNIT-AA59BF5421,src/core/orchestrator.py,ARC-CORE,主编排与进度,TradeAgent-style orchestrator — data → research → trade → risk → manager → report.,AST public symbols + Python type annotations,software-architecture.yaml component behavior,SWR-CORE-001;SWR-CORE-002;SWR-LLM-001;SWR-REP-001;SWR-REP-003;SWR-CFG-001;SWR-NFR-001;SWR-NFR-002,yes,supporting/key-unit-detailed-designs.md
UNIT-D0BEC20560,src/core/orchestrator_hooks.py,ARC-CORE,主编排与进度,Small hooks extracted from orchestrator for readability and testing.,AST public symbols + Python type annotations,software-architecture.yaml component behavior,SWR-CORE-001;SWR-CORE-002;SWR-LLM-001;SWR-REP-001;SWR-REP-003;SWR-CFG-001;SWR-NFR-001;SWR-NFR-002,no,inherited component profile
UNIT-D85010DCA2,src/core/parallel.py,ARC-CORE,主编排与进度,Thread-pool helpers with ContextVar propagation for pipeline parallelism.,AST public symbols + Python type annotations,software-architecture.yaml component behavior,SWR-CORE-001;SWR-CORE-002;SWR-LLM-001;SWR-REP-001;SWR-REP-003;SWR-CFG-001;SWR-NFR-001;SWR-NFR-002,no,inherited component profile
UNIT-0DC607AB64,src/core/progress.py,ARC-CORE,主编排与进度,Pipeline progress reporting — contextvar + noop for non-UI callers.,AST public symbols + Python type annotations,software-architecture.yaml component behavior,SWR-CORE-001;SWR-CORE-002;SWR-LLM-001;SWR-REP-001;SWR-REP-003;SWR-CFG-001;SWR-NFR-001;SWR-NFR-002,no,inherited component profile
UNIT-4BD152D87B,src/core/run_config.py,ARC-CORE,主编排与进度,Backward-compatible re-export — prefer ``src.run.config`` or ``src.run``.,AST public symbols + Python type annotations,software-architecture.yaml component behavior,SWR-CORE-001;SWR-CORE-002;SWR-LLM-001;SWR-REP-001;SWR-REP-003;SWR-CFG-001;SWR-NFR-001;SWR-NFR-002,no,inherited component profile
UNIT-338F795D63,src/core/run_context.py,ARC-CORE,主编排与进度,Backward-compatible re-export — prefer ``src.run.context`` or ``src.run``.,AST public symbols + Python type annotations,software-architecture.yaml component behavior,SWR-CORE-001;SWR-CORE-002;SWR-LLM-001;SWR-REP-001;SWR-REP-003;SWR-CFG-001;SWR-NFR-001;SWR-NFR-002,no,inherited component profile
UNIT-D5EB6E2A98,src/core/types.py,ARC-CORE,主编排与进度,Shared types for the TradeAgent-style pipeline.,AST public symbols + Python type annotations,software-architecture.yaml component behavior,SWR-CORE-001;SWR-CORE-002;SWR-LLM-001;SWR-REP-001;SWR-REP-003;SWR-CFG-001;SWR-NFR-001;SWR-NFR-002,no,inherited component profile
UNIT-5C9ECC73E4,src/data/__init__.py,ARC-DATA,行情与外部数据,继承 行情与外部数据 组件设计；模块职责由公开符号和调用关系约束,AST public symbols + Python type annotations,software-architecture.yaml component behavior,SWR-CORE-001;SWR-DATA-001;SWR-DATA-002;SWR-DATA-003;SWR-CFG-001;SWR-NFR-001,no,inherited component profile
UNIT-D3B9BEAAC0,src/data/aggregator.py,ARC-DATA,行情与外部数据,Aggregate all data sources into a unified context slice.,AST public symbols + Python type annotations,software-architecture.yaml component behavior,SWR-CORE-001;SWR-DATA-001;SWR-DATA-002;SWR-DATA-003;SWR-CFG-001;SWR-NFR-001,no,inherited component profile
UNIT-F5D8BD410B,src/data/calendar_utils.py,ARC-DATA,行情与外部数据,Calendar parsing and filtering — no data-source imports.,AST public symbols + Python type annotations,software-architecture.yaml component behavior,SWR-CORE-001;SWR-DATA-001;SWR-DATA-002;SWR-DATA-003;SWR-CFG-001;SWR-NFR-001,no,inherited component profile
UNIT-24843AC961,src/data/context_builder.py,ARC-DATA,行情与外部数据,Build derived analyst context and density metrics.,AST public symbols + Python type annotations,software-architecture.yaml component behavior,SWR-CORE-001;SWR-DATA-001;SWR-DATA-002;SWR-DATA-003;SWR-CFG-001;SWR-NFR-001,no,inherited component profile
UNIT-05079ECC27,src/data/external_format.py,ARC-DATA,行情与外部数据,ExternalFactors legacy string fields — no data-source imports.,AST public symbols + Python type annotations,software-architecture.yaml component behavior,SWR-CORE-001;SWR-DATA-001;SWR-DATA-002;SWR-DATA-003;SWR-CFG-001;SWR-NFR-001,no,inherited component profile
UNIT-2B33A302FC,src/data/fetch_pipeline.py,ARC-DATA,行情与外部数据,Unified data fetch — TradingView bars + external feeds at pipeline start.,AST public symbols + Python type annotations,software-architecture.yaml component behavior,SWR-CORE-001;SWR-DATA-001;SWR-DATA-002;SWR-DATA-003;SWR-CFG-001;SWR-NFR-001,no,inherited component profile
UNIT-5C3B60E30A,src/data/fetcher.py,ARC-DATA,行情与外部数据,Market data fetcher — TradingView (via tvDatafeed).,AST public symbols + Python type annotations,software-architecture.yaml component behavior,SWR-CORE-001;SWR-DATA-001;SWR-DATA-002;SWR-DATA-003;SWR-CFG-001;SWR-NFR-001,no,inherited component profile
UNIT-52888D723D,src/data/mt5.py,ARC-DATA,行情与外部数据,Optional MetaTrader 5 execution bridge.,AST public symbols + Python type annotations,software-architecture.yaml component behavior,SWR-CORE-001;SWR-DATA-001;SWR-DATA-002;SWR-DATA-003;SWR-CFG-001;SWR-NFR-001,no,inherited component profile
UNIT-C335B8F5CF,src/data/news_topics.py,ARC-DATA,行情与外部数据,Cluster Jin10 headlines into macro themes for debate / derived context.,AST public symbols + Python type annotations,software-architecture.yaml component behavior,SWR-CORE-001;SWR-DATA-001;SWR-DATA-002;SWR-DATA-003;SWR-CFG-001;SWR-NFR-001,no,inherited component profile
UNIT-0F842B8ECE,src/data/proxy_env.py,ARC-DATA,行情与外部数据,Apply system / env HTTP proxy for requests and WebSocket clients.,AST public symbols + Python type annotations,software-architecture.yaml component behavior,SWR-CORE-001;SWR-DATA-001;SWR-DATA-002;SWR-DATA-003;SWR-CFG-001;SWR-NFR-001,no,inherited component profile
UNIT-EA7E4F88FE,src/data/run_archive.py,ARC-DATA,行情与外部数据,Backward-compatible re-export — prefer ``src.run.archive`` or ``src.run``.,AST public symbols + Python type annotations,software-architecture.yaml component behavior,SWR-CORE-001;SWR-DATA-001;SWR-DATA-002;SWR-DATA-003;SWR-CFG-001;SWR-NFR-001,no,inherited component profile
UNIT-023A37A1E9,src/data/run_archive_compat.py,ARC-DATA,行情与外部数据,Backward-compatible re-export — prefer ``src.run.archive.compat``.,AST public symbols + Python type annotations,software-architecture.yaml component behavior,SWR-CORE-001;SWR-DATA-001;SWR-DATA-002;SWR-DATA-003;SWR-CFG-001;SWR-NFR-001,no,inherited component profile
UNIT-7BFC490988,src/data/run_archive_index.py,ARC-DATA,行情与外部数据,Backward-compatible re-export — prefer ``src.run.archive.index``.,AST public symbols + Python type annotations,software-architecture.yaml component behavior,SWR-CORE-001;SWR-DATA-001;SWR-DATA-002;SWR-DATA-003;SWR-CFG-001;SWR-NFR-001,no,inherited component profile
UNIT-DAD8BC5B0F,src/data/run_archive_prune.py,ARC-DATA,行情与外部数据,Backward-compatible re-export — prefer ``src.run.archive.prune``.,AST public symbols + Python type annotations,software-architecture.yaml component behavior,SWR-CORE-001;SWR-DATA-001;SWR-DATA-002;SWR-DATA-003;SWR-CFG-001;SWR-NFR-001,no,inherited component profile
UNIT-767BF49F25,src/data/run_archive_schema.py,ARC-DATA,行情与外部数据,Backward-compatible re-export — prefer ``src.run.archive.schema``.,AST public symbols + Python type annotations,software-architecture.yaml component behavior,SWR-CORE-001;SWR-DATA-001;SWR-DATA-002;SWR-DATA-003;SWR-CFG-001;SWR-NFR-001,no,inherited component profile
UNIT-C3952C43CB,src/data/sources/__init__.py,ARC-DATA,行情与外部数据,"External data sources — Jin10 MCP, DXY, TV social, market bars.",AST public symbols + Python type annotations,software-architecture.yaml component behavior,SWR-CORE-001;SWR-DATA-001;SWR-DATA-002;SWR-DATA-003;SWR-CFG-001;SWR-NFR-001,no,inherited component profile
UNIT-C590FCE576,src/data/sources/_http.py,ARC-DATA,行情与外部数据,Shared HTTP helpers for external data sources.,AST public symbols + Python type annotations,software-architecture.yaml component behavior,SWR-CORE-001;SWR-DATA-001;SWR-DATA-002;SWR-DATA-003;SWR-CFG-001;SWR-NFR-001,no,inherited component profile
UNIT-0DF4638D5E,src/data/sources/base.py,ARC-DATA,行情与外部数据,Data source protocols (TradeAgent data layer).,AST public symbols + Python type annotations,software-architecture.yaml component behavior,SWR-CORE-001;SWR-DATA-001;SWR-DATA-002;SWR-DATA-003;SWR-CFG-001;SWR-NFR-001,no,inherited component profile
UNIT-1FA1BDF5BA,src/data/sources/dxy.py,ARC-DATA,行情与外部数据,DXY (US Dollar Index) snapshot via TradingView.,AST public symbols + Python type annotations,software-architecture.yaml component behavior,SWR-CORE-001;SWR-DATA-001;SWR-DATA-002;SWR-DATA-003;SWR-CFG-001;SWR-NFR-001,no,inherited component profile
UNIT-EC9B21793D,src/data/sources/fundamentals.py,ARC-DATA,行情与外部数据,Macro / fundamentals for gold — DXY + US10Y via TradingView.,AST public symbols + Python type annotations,software-architecture.yaml component behavior,SWR-CORE-001;SWR-DATA-001;SWR-DATA-002;SWR-DATA-003;SWR-CFG-001;SWR-NFR-001,no,inherited component profile
UNIT-4D4D8A02C7,src/data/sources/gold_relevance.py,ARC-DATA,行情与外部数据,Gold / XAUUSD relevance filters for headlines and macro events.,AST public symbols + Python type annotations,software-architecture.yaml component behavior,SWR-CORE-001;SWR-DATA-001;SWR-DATA-002;SWR-DATA-003;SWR-CFG-001;SWR-NFR-001,no,inherited component profile
UNIT-7020937074,src/data/sources/jin10_feed.py,ARC-DATA,行情与外部数据,"Jin10 MCP — flash, articles, macro calendar (structured + legacy strings).",AST public symbols + Python type annotations,software-architecture.yaml component behavior,SWR-CORE-001;SWR-DATA-001;SWR-DATA-002;SWR-DATA-003;SWR-CFG-001;SWR-NFR-001,no,inherited component profile
UNIT-927BB1749D,src/data/sources/jin10_mcp_client.py,ARC-DATA,行情与外部数据,Jin10 (金十数据) official MCP client — JSON-RPC over SSE.,AST public symbols + Python type annotations,software-architecture.yaml component behavior,SWR-CORE-001;SWR-DATA-001;SWR-DATA-002;SWR-DATA-003;SWR-CFG-001;SWR-NFR-001,no,inherited component profile
UNIT-FE5C27C113,src/data/sources/macro.py,ARC-DATA,行情与外部数据,"Macro quotes for gold fundamentals — DXY, US10Y via TradingView.",AST public symbols + Python type annotations,software-architecture.yaml component behavior,SWR-CORE-001;SWR-DATA-001;SWR-DATA-002;SWR-DATA-003;SWR-CFG-001;SWR-NFR-001,no,inherited component profile
UNIT-603339624C,src/data/sources/market.py,ARC-DATA,行情与外部数据,Market data source — TradingView OHLCV (primary).,AST public symbols + Python type annotations,software-architecture.yaml component behavior,SWR-CORE-001;SWR-DATA-001;SWR-DATA-002;SWR-DATA-003;SWR-CFG-001;SWR-NFR-001,no,inherited component profile
UNIT-58D6F95301,src/data/sources/news.py,ARC-DATA,行情与外部数据,"News data source — Jin10 MCP flash, articles, calendar.",AST public symbols + Python type annotations,software-architecture.yaml component behavior,SWR-CORE-001;SWR-DATA-001;SWR-DATA-002;SWR-DATA-003;SWR-CFG-001;SWR-NFR-001,no,inherited component profile
UNIT-BA8DF8A829,src/data/sources/social.py,ARC-DATA,行情与外部数据,Social sentiment — TradingView Ideas + Minds.,AST public symbols + Python type annotations,software-architecture.yaml component behavior,SWR-CORE-001;SWR-DATA-001;SWR-DATA-002;SWR-DATA-003;SWR-CFG-001;SWR-NFR-001,no,inherited component profile
UNIT-B05F7AFFA4,src/data/sources/social_feed.py,ARC-DATA,行情与外部数据,Social sentiment — TradingView Ideas + Minds (XAUUSD community).,AST public symbols + Python type annotations,software-architecture.yaml component behavior,SWR-CORE-001;SWR-DATA-001;SWR-DATA-002;SWR-DATA-003;SWR-CFG-001;SWR-NFR-001,no,inherited component profile
UNIT-C1711535CA,src/data/tradingview.py,ARC-DATA,行情与外部数据,TradingView historical data via tvDatafeed (unofficial WebSocket API).,AST public symbols + Python type annotations,software-architecture.yaml component behavior,SWR-CORE-001;SWR-DATA-001;SWR-DATA-002;SWR-DATA-003;SWR-CFG-001;SWR-NFR-001,no,inherited component profile
UNIT-62A1AFF305,src/data/url_redact.py,ARC-DATA,行情与外部数据,Redact secrets from URLs before logging.,AST public symbols + Python type annotations,software-architecture.yaml component behavior,SWR-CORE-001;SWR-DATA-001;SWR-DATA-002;SWR-DATA-003;SWR-CFG-001;SWR-NFR-001,no,inherited component profile
UNIT-7D2CF26834,src/indicators/__init__.py,ARC-INDICATORS,指标计算,继承 指标计算 组件设计；模块职责由公开符号和调用关系约束,AST public symbols + Python type annotations,software-architecture.yaml component behavior,SWR-ANA-001,no,inherited component profile
UNIT-2F8C299C5B,src/indicators/technical.py,ARC-INDICATORS,指标计算,"Technical indicators: EMA, VWAP, momentum, volatility, Fibonacci.",AST public symbols + Python type annotations,software-architecture.yaml component behavior,SWR-ANA-001,no,inherited component profile
UNIT-D35A8017FE,src/indicators/verify.py,ARC-INDICATORS,指标计算,Indicator sanity checks for manual verification against TradingView.,AST public symbols + Python type annotations,software-architecture.yaml component behavior,SWR-ANA-001,no,inherited component profile
UNIT-598812089B,src/llm/__init__.py,ARC-LLM,LLM 传输、上下文和策略,LLM analysis layer — optional natural-language report enhancement.,AST public symbols + Python type annotations,software-architecture.yaml component behavior,SWR-LLM-001;SWR-LLM-002;SWR-LLM-003;SWR-CFG-001;SWR-NFR-001,no,inherited component profile
UNIT-F5CB9D3F8C,src/llm/analyst.py,ARC-LLM,LLM 传输、上下文和策略,LLM analyst — optional narrative layer on top of rule-based pipeline.,AST public symbols + Python type annotations,software-architecture.yaml component behavior,SWR-LLM-001;SWR-LLM-002;SWR-LLM-003;SWR-CFG-001;SWR-NFR-001,no,inherited component profile
UNIT-D7FD07AF44,src/llm/client.py,ARC-LLM,LLM 传输、上下文和策略,OpenAI-compatible chat completion client (requests-based).,AST public symbols + Python type annotations,software-architecture.yaml component behavior,SWR-LLM-001;SWR-LLM-002;SWR-LLM-003;SWR-CFG-001;SWR-NFR-001,no,inherited component profile
UNIT-6C3FD6C2E5,src/llm/context.py,ARC-LLM,LLM 传输、上下文和策略,Serialize pipeline state into a compact narrative-only LLM context payload.,AST public symbols + Python type annotations,software-architecture.yaml component behavior,SWR-LLM-001;SWR-LLM-002;SWR-LLM-003;SWR-CFG-001;SWR-NFR-001,no,inherited component profile
UNIT-DEB0D517C6,src/llm/format_io.py,ARC-LLM,LLM 传输、上下文和策略,Format LLM messages for display.,AST public symbols + Python type annotations,software-architecture.yaml component behavior,SWR-LLM-001;SWR-LLM-002;SWR-LLM-003;SWR-CFG-001;SWR-NFR-001,no,inherited component profile
UNIT-FBF77B94FB,src/llm/narrative_output.py,ARC-LLM,LLM 传输、上下文和策略,Turn LLM JSON responses into readable Chinese summaries.,AST public symbols + Python type annotations,software-architecture.yaml component behavior,SWR-LLM-001;SWR-LLM-002;SWR-LLM-003;SWR-CFG-001;SWR-NFR-001,no,inherited component profile
UNIT-A605FCB3A9,src/llm/prompts.py,ARC-LLM,LLM 传输、上下文和策略,Prompt templates for XAUUSD institutional analysis.,AST public symbols + Python type annotations,software-architecture.yaml component behavior,SWR-LLM-001;SWR-LLM-002;SWR-LLM-003;SWR-CFG-001;SWR-NFR-001,no,inherited component profile
UNIT-6568B95AFA,src/llm/router.py,ARC-LLM,LLM 传输、上下文和策略,Model routing for agent stages.,AST public symbols + Python type annotations,software-architecture.yaml component behavior,SWR-LLM-001;SWR-LLM-002;SWR-LLM-003;SWR-CFG-001;SWR-NFR-001,no,inherited component profile
UNIT-E488978A91,src/llm/stage_policy.py,ARC-LLM,LLM 传输、上下文和策略,"Auditable per-stage LLM routing, attempt budget, and input size policy (Issue #37).",AST public symbols + Python type annotations,software-architecture.yaml component behavior,SWR-LLM-001;SWR-LLM-002;SWR-LLM-003;SWR-CFG-001;SWR-NFR-001,no,inherited component profile
UNIT-A91501B8CA,src/log.py,ARC-CORE,主编排与进度,Central logging setup for GoldAnalysisAI.,AST public symbols + Python type annotations,software-architecture.yaml component behavior,SWR-CORE-001;SWR-CORE-002;SWR-LLM-001;SWR-REP-001;SWR-REP-003;SWR-CFG-001;SWR-NFR-001;SWR-NFR-002,no,inherited component profile
UNIT-BA3F06E87A,src/pipeline.py,ARC-CORE,主编排与进度,Main analysis pipeline — delegates to TradeAgent-style orchestrator.,AST public symbols + Python type annotations,software-architecture.yaml component behavior,SWR-CORE-001;SWR-CORE-002;SWR-LLM-001;SWR-REP-001;SWR-REP-003;SWR-CFG-001;SWR-NFR-001;SWR-NFR-002,no,inherited component profile
UNIT-3D26D1EC62,src/run/__init__.py,ARC-RUN,运行上下文与归档,"Run lifecycle — config, context, and archive replay.",AST public symbols + Python type annotations,software-architecture.yaml component behavior,SWR-CORE-001;SWR-CORE-002;SWR-DATA-003;SWR-REP-001;SWR-REP-002;SWR-REP-003;SWR-ARC-001;SWR-ARC-002;SWR-NFR-002;SWR-NFR-004,no,inherited component profile
UNIT-6C61C7BBF5,src/run/archive/__init__.py,ARC-RUN,运行上下文与归档,Run archive — persist and replay pipeline bundles.,AST public symbols + Python type annotations,software-architecture.yaml component behavior,SWR-CORE-001;SWR-CORE-002;SWR-DATA-003;SWR-REP-001;SWR-REP-002;SWR-REP-003;SWR-ARC-001;SWR-ARC-002;SWR-NFR-002;SWR-NFR-004,no,inherited component profile
UNIT-2F300FEED2,src/run/archive/compat.py,ARC-RUN,运行上下文与归档,"Compatibility layer — inspect, migrate, and normalize archived pipeline runs.",AST public symbols + Python type annotations,software-architecture.yaml component behavior,SWR-CORE-001;SWR-CORE-002;SWR-DATA-003;SWR-REP-001;SWR-REP-002;SWR-REP-003;SWR-ARC-001;SWR-ARC-002;SWR-NFR-002;SWR-NFR-004,no,inherited component profile
UNIT-AF0B99F0B7,src/run/archive/completion.py,ARC-RUN,运行上下文与归档,Pipeline completion checks — only fully finished runs are replayable.,AST public symbols + Python type annotations,software-architecture.yaml component behavior,SWR-CORE-001;SWR-CORE-002;SWR-DATA-003;SWR-REP-001;SWR-REP-002;SWR-REP-003;SWR-ARC-001;SWR-ARC-002;SWR-NFR-002;SWR-NFR-004,no,inherited component profile
UNIT-969BF3943A,src/run/archive/index.py,ARC-RUN,运行上下文与归档,Global index for run archives — avoids scanning every folder on list.,AST public symbols + Python type annotations,software-architecture.yaml component behavior,SWR-CORE-001;SWR-CORE-002;SWR-DATA-003;SWR-REP-001;SWR-REP-002;SWR-REP-003;SWR-ARC-001;SWR-ARC-002;SWR-NFR-002;SWR-NFR-004,no,inherited component profile
UNIT-038535558B,src/run/archive/prune.py,ARC-RUN,运行上下文与归档,LRU pruning for run archive folders.,AST public symbols + Python type annotations,software-architecture.yaml component behavior,SWR-CORE-001;SWR-CORE-002;SWR-DATA-003;SWR-REP-001;SWR-REP-002;SWR-REP-003;SWR-ARC-001;SWR-ARC-002;SWR-NFR-002;SWR-NFR-004,no,inherited component profile
UNIT-EA2375EFD1,src/run/archive/schema.py,ARC-RUN,运行上下文与归档,Run archive schema — versioned manifest and artifact envelopes.,AST public symbols + Python type annotations,software-architecture.yaml component behavior,SWR-CORE-001;SWR-CORE-002;SWR-DATA-003;SWR-REP-001;SWR-REP-002;SWR-REP-003;SWR-ARC-001;SWR-ARC-002;SWR-NFR-002;SWR-NFR-004,no,inherited component profile
UNIT-D3D34BC712,src/run/archive/store.py,ARC-RUN,运行上下文与归档,Persist each pipeline run under its own folder; replay loads the saved bundle as-is.,AST public symbols + Python type annotations,software-architecture.yaml component behavior,SWR-CORE-001;SWR-CORE-002;SWR-DATA-003;SWR-REP-001;SWR-REP-002;SWR-REP-003;SWR-ARC-001;SWR-ARC-002;SWR-NFR-002;SWR-NFR-004,no,inherited component profile
UNIT-3365BE69B6,src/run/archive/transfer.py,ARC-RUN,运行上下文与归档,Export/import run archive folders as portable zip bundles.,AST public symbols + Python type annotations,software-architecture.yaml component behavior,SWR-CORE-001;SWR-CORE-002;SWR-DATA-003;SWR-REP-001;SWR-REP-002;SWR-REP-003;SWR-ARC-001;SWR-ARC-002;SWR-NFR-002;SWR-NFR-004,no,inherited component profile
UNIT-E124606847,src/run/config.py,ARC-RUN,运行上下文与归档,Runtime report-generation configuration.,AST public symbols + Python type annotations,software-architecture.yaml component behavior,SWR-CORE-001;SWR-CORE-002;SWR-DATA-003;SWR-REP-001;SWR-REP-002;SWR-REP-003;SWR-ARC-001;SWR-ARC-002;SWR-NFR-002;SWR-NFR-004,no,inherited component profile
UNIT-8A8BC190AA,src/run/context.py,ARC-RUN,运行上下文与归档,Thread-local runtime configuration for pipeline runs (no module-global mutation).,AST public symbols + Python type annotations,software-architecture.yaml component behavior,SWR-CORE-001;SWR-CORE-002;SWR-DATA-003;SWR-REP-001;SWR-REP-002;SWR-REP-003;SWR-ARC-001;SWR-ARC-002;SWR-NFR-002;SWR-NFR-004,no,inherited component profile
UNIT-7DF4993AB3,src/run/pipeline_run.py,ARC-RUN,运行上下文与归档,Active pipeline run id — for partial/failure archives from worker/orchestrator.,AST public symbols + Python type annotations,software-architecture.yaml component behavior,SWR-CORE-001;SWR-CORE-002;SWR-DATA-003;SWR-REP-001;SWR-REP-002;SWR-REP-003;SWR-ARC-001;SWR-ARC-002;SWR-NFR-002;SWR-NFR-004,no,inherited component profile
UNIT-3EC85337CA,src/viz/__init__.py,ARC-VIZ,Streamlit 展示,继承 Streamlit 展示 组件设计；模块职责由公开符号和调用关系约束,AST public symbols + Python type annotations,software-architecture.yaml component behavior,SWR-REP-004;SWR-ARC-002;SWR-UI-001;SWR-UI-002;SWR-NFR-002,no,inherited component profile
UNIT-986F7077AB,src/viz/agent_trace_view.py,ARC-VIZ,Streamlit 展示,Agent decision chain panel (main content area).,AST public symbols + Python type annotations,software-architecture.yaml component behavior,SWR-REP-004;SWR-ARC-002;SWR-UI-001;SWR-UI-002;SWR-NFR-002,no,inherited component profile
UNIT-6A590D74F1,src/viz/archive_config_summary.py,ARC-VIZ,Streamlit 展示,Format archived run configuration for replay / forensic banners.,AST public symbols + Python type annotations,software-architecture.yaml component behavior,SWR-REP-004;SWR-ARC-002;SWR-UI-001;SWR-UI-002;SWR-NFR-002,no,inherited component profile
UNIT-7301A06E0A,src/viz/charts.py,ARC-VIZ,Streamlit 展示,Plotly chart builder for the analysis dashboard.,AST public symbols + Python type annotations,software-architecture.yaml component behavior,SWR-REP-004;SWR-ARC-002;SWR-UI-001;SWR-UI-002;SWR-NFR-002,no,inherited component profile
UNIT-C8A82E7519,src/viz/dashboard_components.py,ARC-VIZ,Streamlit 展示,Extended dashboard components — institutional + strategy map (white theme).,AST public symbols + Python type annotations,software-architecture.yaml component behavior,SWR-REP-004;SWR-ARC-002;SWR-UI-001;SWR-UI-002;SWR-NFR-002,no,inherited component profile
UNIT-003F08DECB,src/viz/decision_page.py,ARC-VIZ,Streamlit 展示,Full-page LLM decision chain + I/O history.,AST public symbols + Python type annotations,software-architecture.yaml component behavior,SWR-REP-004;SWR-ARC-002;SWR-UI-001;SWR-UI-002;SWR-NFR-002,no,inherited component profile
UNIT-9B624C52D7,src/viz/display_labels.py,ARC-VIZ,Streamlit 展示,Chinese display labels for agent trace and decision UI.,AST public symbols + Python type annotations,software-architecture.yaml component behavior,SWR-REP-004;SWR-ARC-002;SWR-UI-001;SWR-UI-002;SWR-NFR-002,no,inherited component profile
UNIT-8B3827F5EC,src/viz/external_data_view.py,ARC-VIZ,Streamlit 展示,"External data page — news, calendar, DXY, social; available right after fetch.",AST public symbols + Python type annotations,software-architecture.yaml component behavior,SWR-REP-004;SWR-ARC-002;SWR-UI-001;SWR-UI-002;SWR-NFR-002,no,inherited component profile
UNIT-E27519993B,src/viz/generation_state.py,ARC-VIZ,Streamlit 展示,Background report generation jobs — keyed by session + generation UUID.,AST public symbols + Python type annotations,software-architecture.yaml component behavior,SWR-REP-004;SWR-ARC-002;SWR-UI-001;SWR-UI-002;SWR-NFR-002,no,inherited component profile
UNIT-4C9DB5733A,src/viz/generation_worker.py,ARC-VIZ,Streamlit 展示,Background report generation worker for Streamlit.,AST public symbols + Python type annotations,software-architecture.yaml component behavior,SWR-REP-004;SWR-ARC-002;SWR-UI-001;SWR-UI-002;SWR-NFR-002,no,inherited component profile
UNIT-ABBEDFD349,src/viz/lightweight_chart.py,ARC-VIZ,Streamlit 展示,TradingView Lightweight Charts renderer with SMC overlays.,AST public symbols + Python type annotations,software-architecture.yaml component behavior,SWR-REP-004;SWR-ARC-002;SWR-UI-001;SWR-UI-002;SWR-NFR-002,yes,supporting/key-unit-detailed-designs.md
UNIT-F5C8E9BF82,src/viz/llm_meta.py,ARC-VIZ,Streamlit 展示,"LLM display helpers — model names, latency, record dedupe.",AST public symbols + Python type annotations,software-architecture.yaml component behavior,SWR-REP-004;SWR-ARC-002;SWR-UI-001;SWR-UI-002;SWR-NFR-002,no,inherited component profile
UNIT-E782E5B762,src/viz/llm_view.py,ARC-VIZ,Streamlit 展示,LLM narrative panel.,AST public symbols + Python type annotations,software-architecture.yaml component behavior,SWR-REP-004;SWR-ARC-002;SWR-UI-001;SWR-UI-002;SWR-NFR-002,no,inherited component profile
UNIT-D8AB5E90B4,src/viz/page_layout.py,ARC-VIZ,Streamlit 展示,Shared Streamlit page chrome.,AST public symbols + Python type annotations,software-architecture.yaml component behavior,SWR-REP-004;SWR-ARC-002;SWR-UI-001;SWR-UI-002;SWR-NFR-002,no,inherited component profile
UNIT-87EC9BC982,src/viz/pipeline_progress.py,ARC-VIZ,Streamlit 展示,Streamlit UI for pipeline step progress and live LLM I/O.,AST public symbols + Python type annotations,software-architecture.yaml component behavior,SWR-REP-004;SWR-ARC-002;SWR-UI-001;SWR-UI-002;SWR-NFR-002,no,inherited component profile
UNIT-A63D87A7BB,src/viz/replay_loader.py,ARC-VIZ,Streamlit 展示,Single entry point for UI replay — inspect + load_bundle or forensic snapshot.,AST public symbols + Python type annotations,software-architecture.yaml component behavior,SWR-REP-004;SWR-ARC-002;SWR-UI-001;SWR-UI-002;SWR-NFR-002,no,inherited component profile
UNIT-4E47421947,src/viz/report_views.py,ARC-VIZ,Streamlit 展示,Streamlit view renderers for institutional report and strategy map.,AST public symbols + Python type annotations,software-architecture.yaml component behavior,SWR-REP-004;SWR-ARC-002;SWR-UI-001;SWR-UI-002;SWR-NFR-002,no,inherited component profile
UNIT-EE18DE86B2,src/viz/run_config_panel.py,ARC-VIZ,Streamlit 展示,Streamlit run-config panel and replay controls.,AST public symbols + Python type annotations,software-architecture.yaml component behavior,SWR-REP-004;SWR-ARC-002;SWR-UI-001;SWR-UI-002;SWR-NFR-002,no,inherited component profile
UNIT-6FA4E87F8A,src/viz/session_keys.py,ARC-VIZ,Streamlit 展示,Streamlit session keys and report cache helpers.,AST public symbols + Python type annotations,software-architecture.yaml component behavior,SWR-REP-004;SWR-ARC-002;SWR-UI-001;SWR-UI-002;SWR-NFR-002,no,inherited component profile
UNIT-F568EA7ECE,src/viz/source_labels.py,ARC-VIZ,Streamlit 展示,Source badge helpers — label rule vs LLM outputs.,AST public symbols + Python type annotations,software-architecture.yaml component behavior,SWR-REP-004;SWR-ARC-002;SWR-UI-001;SWR-UI-002;SWR-NFR-002,no,inherited component profile
UNIT-202DB41FE0,src/viz/streamlit_common.py,ARC-VIZ,Streamlit 展示,"Shared Streamlit bootstrap, report session cache, sidebar.",AST public symbols + Python type annotations,software-architecture.yaml component behavior,SWR-REP-004;SWR-ARC-002;SWR-UI-001;SWR-UI-002;SWR-NFR-002,no,inherited component profile
UNIT-02D5D8E12E,views/1_机构级分析报告.py,ARC-APP,应用入口与运行配置,机构级分析报告 — 主页面。,AST public symbols + Python type annotations,software-architecture.yaml component behavior,SWR-CORE-002;SWR-UI-001;SWR-CFG-001,no,inherited component profile
UNIT-0E03CCECCA,views/2_短线策略.py,ARC-APP,应用入口与运行配置,短线策略图 — 独立页面。,AST public symbols + Python type annotations,software-architecture.yaml component behavior,SWR-CORE-002;SWR-UI-001;SWR-CFG-001,no,inherited component profile
UNIT-74CD83898F,views/3_LLM决策链.py,ARC-APP,应用入口与运行配置,LLM 决策链 — 独立页面。,AST public symbols + Python type annotations,software-architecture.yaml component behavior,SWR-CORE-002;SWR-UI-001;SWR-CFG-001,no,inherited component profile
UNIT-1FE6319D7A,views/4_外部数据.py,ARC-APP,应用入口与运行配置,外部数据 — 新闻、日历、DXY、社媒；fetch 完成后即可查看。,AST public symbols + Python type annotations,software-architecture.yaml component behavior,SWR-CORE-002;SWR-UI-001;SWR-CFG-001,no,inherited component profile
